ID,PIN,Signal,Signal.1,Probe,INICIAL,TYPE,PORCENT,Barrel,SURFACE,TEST
C101:,    Pin:1, Signal:5V, Orig_Signal:5V, Probed,C,CAP,,100, BOTTOM,Fail
C101:,    Pin:2, Signal:GND, Orig_Signal:GND, Probed,C,CAP,100.0,100, BOTTOM,Pass
C102:,    Pin:1, Signal:N12V_A, Orig_Signal:-12V_A, Probed,C,CAP,,100, TOP,Fail
C102:,    Pin:2, Signal:GND, Orig_Signal:GND, Probed,C,CAP,100.0,100, BOTTOM,Pass
C201:,    Pin:1, Signal:NetC201_1, Orig_Signal:NetC201_1, Probed,C,CAP,,75, BOTTOM,Fail
C201:,    Pin:2, Signal:GND, Orig_Signal:GND, Probed,C,CAP,100.0,100, BOTTOM,Pass
C202:,    Pin:1, Signal:GND, Orig_Signal:GND, Probed,C,CAP,,100, BOTTOM,Fail
C202:,    Pin:2, Signal:CP, Orig_Signal:CP, Probed,C,CAP,100.0,100, BOTTOM,Pass
C203:,    Pin:2, Signal:3_3V, Orig_Signal:3.3V, Probed,C,CAP,,100, TOP,Fail
C203:,    Pin:1, Signal:GND, Orig_Signal:GND, Probed,C,CAP,100.0,100, BOTTOM,Pass
C301:,    Pin:2, Signal:GND, Orig_Signal:GND, Probed,C,CAP,,100, BOTTOM,Fail
C301:,    Pin:1, Signal:NetC301_1, Orig_Signal:NetC301_1, NotProbed,C,CAP,50.0,0,0,Fail
C302:,    Pin:2, Signal:NetC301_1, Orig_Signal:NetC301_1, NotProbed,C,CAP,,0,0,Fail
C302:,    Pin:1, Signal:GND, Orig_Signal:GND, Probed,C,CAP,50.0,100, BOTTOM,Fail
C303:,    Pin:2, Signal:NetC303_2, Orig_Signal:NetC303_2, NotProbed,C,CAP,,0,0,Fail
C303:,    Pin:1, Signal:GND, Orig_Signal:GND, Probed,C,CAP,50.0,100, BOTTOM,Fail
C304:,    Pin:2, Signal:GND, Orig_Signal:GND, Probed,C,CAP,,100, BOTTOM,Fail
C304:,    Pin:1, Signal:NetC303_2, Orig_Signal:NetC303_2, NotProbed,C,CAP,50.0,0,0,Fail
C305:,    Pin:1, Signal:3_3V, Orig_Signal:3.3V, Probed,C,CAP,,100, TOP,Fail
C305:,    Pin:2, Signal:GND, Orig_Signal:GND, Probed,C,CAP,100.0,100, BOTTOM,Pass
C306:,    Pin:1, Signal:3_3V, Orig_Signal:3.3V, Probed,C,CAP,,100, TOP,Fail
C306:,    Pin:2, Signal:GND, Orig_Signal:GND, Probed,C,CAP,100.0,100, BOTTOM,Pass
C307:,    Pin:2, Signal:GND, Orig_Signal:GND, Probed,C,CAP,,100, BOTTOM,Fail
C307:,    Pin:1, Signal:NetC307_1, Orig_Signal:NetC307_1, NotProbed,C,CAP,50.0,0,0,Fail
C308:,    Pin:2, Signal:GND, Orig_Signal:GND, Probed,C,CAP,,100, BOTTOM,Fail
C308:,    Pin:1, Signal:NRST, Orig_Signal:NRST, Probed,C,CAP,100.0,100, TOP,Pass
C309:,    Pin:1, Signal:NetC309_1, Orig_Signal:NetC309_1, NotProbed,C,CAP,,0,0,Fail
C309:,    Pin:2, Signal:GND, Orig_Signal:GND, Probed,C,CAP,50.0,100, BOTTOM,Fail
C310:,    Pin:2, Signal:GND, Orig_Signal:GND, Probed,C,CAP,,100, BOTTOM,Fail
C310:,    Pin:1, Signal:NetC310_1, Orig_Signal:NetC310_1, NotProbed,C,CAP,50.0,0,0,Fail
C311:,    Pin:2, Signal:GND, Orig_Signal:GND, Probed,C,CAP,,100, BOTTOM,Fail
C311:,    Pin:1, Signal:NetC311_1, Orig_Signal:NetC311_1, NotProbed,C,CAP,50.0,0,0,Fail
C312:,    Pin:1, Signal:NetC301_1, Orig_Signal:NetC301_1, NotProbed,C,CAP,,0,0,Fail
C312:,    Pin:2, Signal:GND, Orig_Signal:GND, Probed,C,CAP,50.0,100, BOTTOM,Fail
C313:,    Pin:1, Signal:NetC303_2, Orig_Signal:NetC303_2, NotProbed,C,CAP,,0,0,Fail
C313:,    Pin:2, Signal:GND, Orig_Signal:GND, Probed,C,CAP,50.0,100, BOTTOM,Fail
C314:,    Pin:1, Signal:GND, Orig_Signal:GND, Probed,C,CAP,,100, BOTTOM,Fail
C314:,    Pin:2, Signal:3_3V, Orig_Signal:3.3V, Probed,C,CAP,100.0,100, TOP,Pass
C315:,    Pin:1, Signal:GND, Orig_Signal:GND, Probed,C,CAP,,100, BOTTOM,Fail
C315:,    Pin:2, Signal:3_3V, Orig_Signal:3.3V, Probed,C,CAP,100.0,100, TOP,Pass
C316:,    Pin:1, Signal:GND, Orig_Signal:GND, Probed,C,CAP,,100, BOTTOM,Fail
C316:,    Pin:2, Signal:HALO_BYPASS, Orig_Signal:HALO_BYPASS, Probed,C,CAP,100.0,100, BOTTOM,Pass
C317:,    Pin:2, Signal:GND, Orig_Signal:GND, Probed,C,CAP,,100, BOTTOM,Fail
C317:,    Pin:1, Signal:NetC309_1, Orig_Signal:NetC309_1, NotProbed,C,CAP,50.0,0,0,Fail
C401:,    Pin:1, Signal:NetC401_1, Orig_Signal:NetC401_1, NotProbed,C,CAP,,0,0,Fail
C401:,    Pin:2, Signal:GND, Orig_Signal:GND, Probed,C,CAP,50.0,100, BOTTOM,Fail
C402:,    Pin:1, Signal:NetC401_1, Orig_Signal:NetC401_1, NotProbed,C,CAP,,0,0,Fail
C402:,    Pin:2, Signal:GND, Orig_Signal:GND, Probed,C,CAP,50.0,100, BOTTOM,Fail
C403:,    Pin:2, Signal:NetC403_2, Orig_Signal:NetC403_2, NotProbed,C,CAP,,0,0,Fail
C403:,    Pin:1, Signal:NetC403_1, Orig_Signal:NetC403_1, NotProbed,C,CAP,,0,0,Fail
C404:,    Pin:2, Signal:GND, Orig_Signal:GND, Probed,C,CAP,,100, BOTTOM,Fail
C404:,    Pin:1, Signal:NetC404_1, Orig_Signal:NetC404_1, NotProbed,C,CAP,50.0,0,0,Fail
C405:,    Pin:1, Signal:NetC404_1, Orig_Signal:NetC404_1, NotProbed,C,CAP,,0,0,Fail
C405:,    Pin:2, Signal:GND, Orig_Signal:GND, Probed,C,CAP,50.0,100, BOTTOM,Fail
C501:,    Pin:2, Signal:NetC501_2, Orig_Signal:NetC501_2, NotProbed,C,CAP,,0,0,Fail
C501:,    Pin:1, Signal:GND, Orig_Signal:GND, Probed,C,CAP,50.0,100, BOTTOM,Fail
C502:,    Pin:2, Signal:NetC502_2, Orig_Signal:NetC502_2, NotProbed,C,CAP,,0,0,Fail
C502:,    Pin:1, Signal:NetC502_1, Orig_Signal:NetC502_1, NotProbed,C,CAP,,0,0,Fail
C503:,    Pin:2, Signal:NetC503_2, Orig_Signal:NetC503_2, NotProbed,C,CAP,,0,0,Fail
C503:,    Pin:1, Signal:NetC503_1, Orig_Signal:NetC503_1, NotProbed,C,CAP,,0,0,Fail
C504:,    Pin:1, Signal:GND, Orig_Signal:GND, Probed,C,CAP,,100, BOTTOM,Fail
C504:,    Pin:2, Signal:NetC504_2, Orig_Signal:NetC504_2, NotProbed,C,CAP,50.0,0,0,Fail
C505:,    Pin:2, Signal:GND, Orig_Signal:GND, Probed,C,CAP,,100, BOTTOM,Fail
C505:,    Pin:1, Signal:5V, Orig_Signal:5V, Probed,C,CAP,100.0,100, BOTTOM,Pass
C506:,    Pin:2, Signal:NetC506_2, Orig_Signal:NetC506_2, NotProbed,C,CAP,,0,0,Fail
C506:,    Pin:1, Signal:GND, Orig_Signal:GND, Probed,C,CAP,50.0,100, BOTTOM,Fail
C507:,    Pin:2, Signal:NetC506_2, Orig_Signal:NetC506_2, NotProbed,C,CAP,,0,0,Fail
C507:,    Pin:1, Signal:GND, Orig_Signal:GND, Probed,C,CAP,50.0,100, BOTTOM,Fail
C508:,    Pin:2, Signal:GND, Orig_Signal:GND, Probed,C,CAP,,100, BOTTOM,Fail
C508:,    Pin:1, Signal:5V, Orig_Signal:5V, Probed,C,CAP,100.0,100, BOTTOM,Pass
C509:,    Pin:1, Signal:ID1, Orig_Signal:ID1, Probed,C,CAP,,100, BOTTOM,Fail
C509:,    Pin:2, Signal:GND, Orig_Signal:GND, Probed,C,CAP,100.0,100, BOTTOM,Pass
C510:,    Pin:2, Signal:GND, Orig_Signal:GND, Probed,C,CAP,,100, BOTTOM,Fail
C510:,    Pin:1, Signal:ID2, Orig_Signal:ID2, Probed,C,CAP,100.0,100, BOTTOM,Pass
C511:,    Pin:1, Signal:NetC511_1, Orig_Signal:NetC511_1, NotProbed,C,CAP,,0,0,Fail
C511:,    Pin:2, Signal:NetC511_2, Orig_Signal:NetC511_2, NotProbed,C,CAP,,0,0,Fail
C512:,    Pin:2, Signal:NetC511_2, Orig_Signal:NetC511_2, NotProbed,C,CAP,,0,0,Fail
C512:,    Pin:1, Signal:NetC512_1, Orig_Signal:NetC512_1, NotProbed,C,CAP,,0,0,Fail
C513:,    Pin:2, Signal:NetC511_1, Orig_Signal:NetC511_1, NotProbed,C,CAP,,0,0,Fail
C513:,    Pin:1, Signal:GND, Orig_Signal:GND, Probed,C,CAP,50.0,100, BOTTOM,Fail
C514:,    Pin:2, Signal:NetC512_1, Orig_Signal:NetC512_1, NotProbed,C,CAP,,0,0,Fail
C514:,    Pin:1, Signal:GND, Orig_Signal:GND, Probed,C,CAP,50.0,100, BOTTOM,Fail
C515:,    Pin:1, Signal:GND, Orig_Signal:GND, Probed,C,CAP,,100, BOTTOM,Fail
C515:,    Pin:2, Signal:NetC515_2, Orig_Signal:NetC515_2, NotProbed,C,CAP,50.0,0,0,Fail
C516:,    Pin:2, Signal:5V, Orig_Signal:5V, Probed,C,CAP,,100, BOTTOM,Fail
C516:,    Pin:1, Signal:GND, Orig_Signal:GND, Probed,C,CAP,100.0,100, BOTTOM,Pass
C517:,    Pin:2, Signal:GND, Orig_Signal:GND, Probed,C,CAP,,100, BOTTOM,Fail
C517:,    Pin:1, Signal:3_3V, Orig_Signal:3.3V, Probed,C,CAP,100.0,100, TOP,Pass
C518:,    Pin:1, Signal:NetC518_1, Orig_Signal:NetC518_1, NotProbed,C,CAP,,0,0,Fail
C518:,    Pin:2, Signal:NetC518_2, Orig_Signal:NetC518_2, NotProbed,C,CAP,,0,0,Fail
C519:,    Pin:2, Signal:GND, Orig_Signal:GND, Probed,C,CAP,,100, BOTTOM,Fail
C519:,    Pin:1, Signal:3_3V, Orig_Signal:3.3V, Probed,C,CAP,100.0,100, TOP,Pass
C520:,    Pin:2, Signal:GND, Orig_Signal:GND, Probed,C,CAP,,100, BOTTOM,Fail
C520:,    Pin:1, Signal:NetC520_1, Orig_Signal:NetC520_1, Probed,C,CAP,100.0,100, BOTTOM,Pass
C521:,    Pin:2, Signal:L1_CS, Orig_Signal:L1_CS, Probed,C,CAP,,100, BOTTOM,Fail
C521:,    Pin:1, Signal:GND, Orig_Signal:GND, Probed,C,CAP,100.0,100, BOTTOM,Pass
C601:,    Pin:2, Signal:NetC601_2, Orig_Signal:NetC601_2, Probed,C,CAP,,100, BOTTOM,Fail
C601:,    Pin:1, Signal:GND, Orig_Signal:GND, Probed,C,CAP,100.0,100, BOTTOM,Pass
C602:,    Pin:2, Signal:NetC602_2, Orig_Signal:NetC602_2, Probed,C,CAP,,100, BOTTOM,Fail
C602:,    Pin:1, Signal:NetC602_1, Orig_Signal:NetC602_1, Probed,C,CAP,100.0,100, BOTTOM,Pass
C603:,    Pin:1, Signal:NetC603_1, Orig_Signal:NetC603_1, Probed,C,CAP,,100, BOTTOM,Fail
C603:,    Pin:2, Signal:NetC603_2, Orig_Signal:NetC603_2, NotProbed,C,CAP,50.0,0,0,Fail
C604:,    Pin:1, Signal:NetC603_1, Orig_Signal:NetC603_1, Probed,C,CAP,,100, BOTTOM,Fail
C604:,    Pin:2, Signal:NetC603_2, Orig_Signal:NetC603_2, NotProbed,C,CAP,50.0,0,0,Fail
C605:,    Pin:1, Signal:GND, Orig_Signal:GND, Probed,C,CAP,,100, BOTTOM,Fail
C605:,    Pin:2, Signal:P12V, Orig_Signal:+12V, Probed,C,CAP,100.0,100, BOTTOM,Pass
C606:,    Pin:1, Signal:P12V, Orig_Signal:+12V, Probed,C,CAP,,100, BOTTOM,Fail
C606:,    Pin:2, Signal:GND, Orig_Signal:GND, Probed,C,CAP,100.0,100, BOTTOM,Pass
C607:,    Pin:2, Signal:GND, Orig_Signal:GND, Probed,C,CAP,,100, BOTTOM,Fail
C607:,    Pin:1, Signal:P12V, Orig_Signal:+12V, Probed,C,CAP,100.0,100, BOTTOM,Pass
C608:,    Pin:2, Signal:GND, Orig_Signal:GND, Probed,C,CAP,,100, BOTTOM,Fail
C608:,    Pin:1, Signal:NetC608_1, Orig_Signal:NetC608_1, Probed,C,CAP,100.0,100, BOTTOM,Pass
C609:,    Pin:1, Signal:12V_A, Orig_Signal:12V_A, NotProbed,C,CAP,,0,0,Fail
C609:,    Pin:2, Signal:GND, Orig_Signal:GND, Probed,C,CAP,50.0,100, BOTTOM,Fail
C610:,    Pin:2, Signal:GND, Orig_Signal:GND, Probed,C,CAP,,100, BOTTOM,Fail
C610:,    Pin:1, Signal:12V_A, Orig_Signal:12V_A, NotProbed,C,CAP,50.0,0,0,Fail
C611:,    Pin:2, Signal:GND, Orig_Signal:GND, Probed,C,CAP,,100, BOTTOM,Fail
C611:,    Pin:1, Signal:12V_A, Orig_Signal:12V_A, NotProbed,C,CAP,50.0,0,0,Fail
C612:,    Pin:2, Signal:GND, Orig_Signal:GND, Probed,C,CAP,,100, BOTTOM,Fail
C612:,    Pin:1, Signal:12V_A, Orig_Signal:12V_A, NotProbed,C,CAP,50.0,0,0,Fail
C613:,    Pin:2, Signal:GND, Orig_Signal:GND, Probed,C,CAP,,100, BOTTOM,Fail
C613:,    Pin:1, Signal:5V, Orig_Signal:5V, Probed,C,CAP,100.0,100, BOTTOM,Pass
C614:,    Pin:2, Signal:GND, Orig_Signal:GND, Probed,C,CAP,,100, BOTTOM,Fail
C614:,    Pin:1, Signal:12V_A, Orig_Signal:12V_A, NotProbed,C,CAP,50.0,0,0,Fail
C615:,    Pin:2, Signal:GND, Orig_Signal:GND, Probed,C,CAP,,100, BOTTOM,Fail
C615:,    Pin:1, Signal:N12V_A, Orig_Signal:-12V_A, Probed,C,CAP,100.0,100, TOP,Pass
C616:,    Pin:1, Signal:N12V_A, Orig_Signal:-12V_A, Probed,C,CAP,,100, TOP,Fail
C616:,    Pin:2, Signal:GND, Orig_Signal:GND, Probed,C,CAP,100.0,100, BOTTOM,Pass
C617:,    Pin:2, Signal:1_8V, Orig_Signal:1.8V, Probed,C,CAP,,100, TOP,Fail
C617:,    Pin:1, Signal:GND, Orig_Signal:GND, Probed,C,CAP,100.0,100, BOTTOM,Pass
C618:,    Pin:1, Signal:N12V_A, Orig_Signal:-12V_A, Probed,C,CAP,,100, TOP,Fail
C618:,    Pin:2, Signal:GND, Orig_Signal:GND, Probed,C,CAP,100.0,100, BOTTOM,Pass
C619:,    Pin:1, Signal:N12V_A, Orig_Signal:-12V_A, Probed,C,CAP,,100, TOP,Fail
C619:,    Pin:2, Signal:GND, Orig_Signal:GND, Probed,C,CAP,100.0,100, BOTTOM,Pass
C620:,    Pin:1, Signal:N12V_A, Orig_Signal:-12V_A, Probed,C,CAP,,100, TOP,Fail
C620:,    Pin:2, Signal:GND, Orig_Signal:GND, Probed,C,CAP,100.0,100, BOTTOM,Pass
D201:,    Pin:2, Signal:NetD201_K, Orig_Signal:NetD201_K, NotProbed,D,DIODE,,0,0,Fail
D201:,    Pin:1, Signal:CP, Orig_Signal:CP, Probed,D,DIODE,50.0,100, BOTTOM,Fail
D202:,    Pin:2, Signal:NetD201_K, Orig_Signal:NetD201_K, NotProbed,D,DIODE,,0,0,Fail
D202:,    Pin:1, Signal:GND, Orig_Signal:GND, Probed,D,DIODE,50.0,100, BOTTOM,Fail
D203:,    Pin:2, Signal:NetD203_CAT, Orig_Signal:NetD203_CAT, NotProbed,D,DIODE,,0,0,Fail
D203:,    Pin:1, Signal:NetD203_AN, Orig_Signal:NetD203_AN, NotProbed,D,DIODE,,0,0,Fail
D204:,    Pin:2, Signal:3_3V, Orig_Signal:3.3V, Probed,D,DIODE,,100, TOP,Fail
D204:,    Pin:1, Signal:GND, Orig_Signal:GND, Probed,D,DIODE,,100, BOTTOM,Fail
D204:,    Pin:3, Signal:NetD204_3, Orig_Signal:NetD204_3, NotProbed,D,DIODE,66.66666666666666,0,0,Pass
D401:,    Pin:1, Signal:NetC404_1, Orig_Signal:NetC404_1, NotProbed,D,DIODE,,0,0,Fail
D401:,    Pin:2, Signal:NetD401_CAT, Orig_Signal:NetD401_CAT, NotProbed,D,DIODE,,0,0,Fail
D402:,    Pin:2, Signal:NetC403_2, Orig_Signal:NetC403_2, NotProbed,D,DIODE,,0,0,Fail
D402:,    Pin:1, Signal:NetD401_CAT, Orig_Signal:NetD401_CAT, NotProbed,D,DIODE,,0,0,Fail
D410:,    Pin:1, Signal:NetC403_2, Orig_Signal:NetC403_2, NotProbed,D,DIODE,,0,0,Fail
D410:,    Pin:2, Signal:NetD410_K, Orig_Signal:NetD410_K, NotProbed,D,DIODE,,0,0,Fail
D411:,    Pin:2, Signal:NetD410_K, Orig_Signal:NetD410_K, NotProbed,D,DIODE,,0,0,Fail
D411:,    Pin:1, Signal:NetC403_1, Orig_Signal:NetC403_1, NotProbed,D,DIODE,,0,0,Fail
D501:,    Pin:2, Signal:12V_A, Orig_Signal:12V_A, NotProbed,D,DIODE,,0,0,Fail
D501:,    Pin:3, Signal:NetC501_2, Orig_Signal:NetC501_2, NotProbed,D,DIODE,,0,0,Fail
D501:,    Pin:1, Signal:N12V_A, Orig_Signal:-12V_A, Probed,D,DIODE,33.33333333333333,100, TOP,Fail
D502:,    Pin:3, Signal:NetC504_2, Orig_Signal:NetC504_2, NotProbed,D,DIODE,,0,0,Fail
D502:,    Pin:1, Signal:N12V_A, Orig_Signal:-12V_A, Probed,D,DIODE,,100, TOP,Fail
D502:,    Pin:2, Signal:12V_A, Orig_Signal:12V_A, NotProbed,D,DIODE,33.33333333333333,0,0,Fail
D503:,    Pin:2, Signal:P12V, Orig_Signal:+12V, Probed,D,DIODE,,100, BOTTOM,Fail
D503:,    Pin:1, Signal:NetD503_AN, Orig_Signal:NetD503_AN, NotProbed,D,DIODE,50.0,0,0,Fail
D504:,    Pin:2, Signal:NetD504_K, Orig_Signal:NetD504_K, NotProbed,D,DIODE,,0,0,Fail
D504:,    Pin:1, Signal:L1_1, Orig_Signal:L1-1, Probed,D,DIODE,50.0,100, BOTTOM,Fail
D505:,    Pin:3, Signal:NetC506_2, Orig_Signal:NetC506_2, NotProbed,D,DIODE,,0,0,Fail
D505:,    Pin:2, Signal:NetD503_AN, Orig_Signal:NetD503_AN, NotProbed,D,DIODE,,0,0,Fail
D505:,    Pin:1, Signal:GND, Orig_Signal:GND, Probed,D,DIODE,33.33333333333333,100, BOTTOM,Fail
D506:,    Pin:1, Signal:L2_N_1, Orig_Signal:L2/N-1, Probed,D,DIODE,,100, BOTTOM,Fail
D506:,    Pin:2, Signal:NetD506_K, Orig_Signal:NetD506_K, NotProbed,D,DIODE,50.0,0,0,Fail
D507:,    Pin:1, Signal:GND, Orig_Signal:GND, Probed,D,DIODE,,100, BOTTOM,Fail
D507:,    Pin:3, Signal:UNCONNECTED_79, Orig_Signal:UNCONNECTED_79, NotProbed,D,DIODE,,0,0,Fail
D507:,    Pin:2, Signal:NetD507_K, Orig_Signal:NetD507_K, NotProbed,D,DIODE,33.33333333333333,0,0,Fail
D508:,    Pin:1, Signal:L1_2, Orig_Signal:L1-2, Probed,D,DIODE,,100, BOTTOM,Fail
D508:,    Pin:2, Signal:NetD508_K, Orig_Signal:NetD508_K, NotProbed,D,DIODE,50.0,0,0,Fail
D509:,    Pin:1, Signal:NetD509_1, Orig_Signal:NetD509_1, NotProbed,D,DIODE,,0,0,Fail
D509:,    Pin:2, Signal:P12V, Orig_Signal:+12V, Probed,D,DIODE,,100, BOTTOM,Fail
D509:,    Pin:3, Signal:NetC511_2, Orig_Signal:NetC511_2, NotProbed,D,DIODE,33.33333333333333,0,0,Fail
D510:,    Pin:2, Signal:NetD510_K, Orig_Signal:NetD510_K, NotProbed,D,DIODE,,0,0,Fail
D510:,    Pin:1, Signal:L2_N_2, Orig_Signal:L2/N-2, NotProbed,D,DIODE,,0,0,Fail
D511:,    Pin:2, Signal:NetD511_K, Orig_Signal:NetD511_K, Probed,D,DIODE,,75, BOTTOM,Fail
D511:,    Pin:1, Signal:NetD511_A, Orig_Signal:NetD511_A, NotProbed,D,DIODE,50.0,0,0,Fail
D512:,    Pin:1, Signal:GND, Orig_Signal:GND, Probed,D,DIODE,,100, BOTTOM,Fail
D512:,    Pin:2, Signal:NetD509_1, Orig_Signal:NetD509_1, NotProbed,D,DIODE,50.0,0,0,Fail
D513:,    Pin:1, Signal:GND, Orig_Signal:GND, Probed,D,DIODE,,100, BOTTOM,Fail
D513:,    Pin:2, Signal:NetD511_A, Orig_Signal:NetD511_A, NotProbed,D,DIODE,50.0,0,0,Fail
D601:,    Pin:2, Signal:NetD601_K, Orig_Signal:NetD601_K, NotProbed,D,DIODE,,0,0,Fail
D601:,    Pin:1, Signal:NetD601_A, Orig_Signal:NetD601_A, Probed,D,DIODE,50.0,100, BOTTOM,Fail
D602:,    Pin:2, Signal:NetD601_K, Orig_Signal:NetD601_K, NotProbed,D,DIODE,,0,0,Fail
D602:,    Pin:1, Signal:NetC603_1, Orig_Signal:NetC603_1, Probed,D,DIODE,50.0,100, BOTTOM,Fail
F201:,    Pin:1, Signal:NetF201_1, Orig_Signal:NetF201_1, NotProbed,F,FUSE,,0,0,Fail
F201:,    Pin:2, Signal:P12V, Orig_Signal:+12V, Probed,F,FUSE,50.0,100, BOTTOM,Fail
FB101:,    Pin:1, Signal:NetFB101_1, Orig_Signal:NetFB101_1, Probed,FB,FBEAD,,100, BOTTOM,Fail
FB101:,    Pin:2, Signal:N12V_A, Orig_Signal:-12V_A, Probed,FB,FBEAD,100.0,100, TOP,Pass
FB301:,    Pin:1, Signal:3_3V, Orig_Signal:3.3V, Probed,FB,FBEAD,,100, TOP,Fail
FB301:,    Pin:2, Signal:NetC309_1, Orig_Signal:NetC309_1, NotProbed,FB,FBEAD,50.0,0,0,Fail
FB501:,    Pin:1, Signal:NetFB501_1, Orig_Signal:NetFB501_1, Probed,FB,FBEAD,,75, BOTTOM,Fail
FB501:,    Pin:2, Signal:NetFB501_2, Orig_Signal:NetFB501_2, Probed,FB,FBEAD,100.0,50, BOTTOM,Pass
FB502:,    Pin:1, Signal:NetFB502_1, Orig_Signal:NetFB502_1, Probed,FB,FBEAD,,50, BOTTOM,Fail
FB502:,    Pin:2, Signal:NetFB502_2, Orig_Signal:NetFB502_2, Probed,FB,FBEAD,100.0,75, BOTTOM,Pass
FB601:,    Pin:1, Signal:P12V, Orig_Signal:+12V, Probed,FB,FBEAD,,100, BOTTOM,Fail
FB601:,    Pin:2, Signal:12V_A, Orig_Signal:12V_A, NotProbed,FB,FBEAD,50.0,0,0,Fail
GFX107:,    Pin:1, Signal:UNCONNECTED_82, Orig_Signal:UNCONNECTED_82, NotProbed,GFX,0,,0,0,Fail
GFX108:,    Pin:1, Signal:UNCONNECTED_81, Orig_Signal:UNCONNECTED_81, NotProbed,GFX,0,,0,0,Fail
GFX109:,    Pin:1, Signal:UNCONNECTED_80, Orig_Signal:UNCONNECTED_80, NotProbed,GFX,0,,0,0,Fail
GFX110:,    Pin:1, Signal:UNCONNECTED_16, Orig_Signal:UNCONNECTED_16, Probed,GFX,0,100.0,100, TOP,Pass
GFX111:,    Pin:1, Signal:UNCONNECTED_15, Orig_Signal:UNCONNECTED_15, Probed,GFX,0,100.0,100, TOP,Pass
GFX112:,    Pin:1, Signal:UNCONNECTED_14, Orig_Signal:UNCONNECTED_14, Probed,GFX,0,100.0,100, TOP,Pass
J301:,    Pin:1, Signal:UNCONNECTED_6, Orig_Signal:UNCONNECTED_6, NotProbed,J,CON,,0,0,Fail
J301:,    Pin:2, Signal:UNCONNECTED_7, Orig_Signal:UNCONNECTED_7, NotProbed,J,CON,,0,0,Fail
J301:,    Pin:3, Signal:UNCONNECTED_8, Orig_Signal:UNCONNECTED_8, NotProbed,J,CON,,0,0,Fail
J301:,    Pin:4, Signal:UNCONNECTED_9, Orig_Signal:UNCONNECTED_9, NotProbed,J,CON,,0,0,Fail
J301:,    Pin:6, Signal:UNCONNECTED_11, Orig_Signal:UNCONNECTED_11, NotProbed,J,CON,,0,0,Fail
J301:,    Pin:7, Signal:UNCONNECTED_12, Orig_Signal:UNCONNECTED_12, NotProbed,J,CON,,0,0,Fail
J301:,    Pin:8, Signal:3_3V, Orig_Signal:3.3V, Probed,J,CON,,100, TOP,Fail
J301:,    Pin:5, Signal:UNCONNECTED_10, Orig_Signal:UNCONNECTED_10, NotProbed,J,CON,,0,0,Fail
J301:,    Pin:9, Signal:NetJ301_2, Orig_Signal:NetJ301_2, Probed,J,CON,,50, TOP,Fail
J301:,    Pin:10, Signal:NetJ301_3, Orig_Signal:NetJ301_3, Probed,J,CON,,100, TOP,Fail
J301:,    Pin:11, Signal:NetJ301_4, Orig_Signal:NetJ301_4, Probed,J,CON,,75, TOP,Fail
J301:,    Pin:12, Signal:GND, Orig_Signal:GND, Probed,J,CON,,100, BOTTOM,Fail
J301:,    Pin:13, Signal:UNCONNECTED_13, Orig_Signal:UNCONNECTED_13, NotProbed,J,CON,38.46153846153847,0,0,Fail
J302:,    Pin:1, Signal:GND, Orig_Signal:GND, Probed,J,CON,,100, BOTTOM,Fail
J302:,    Pin:2, Signal:UNCONNECTED_4, Orig_Signal:UNCONNECTED_4, Probed,J,CON,,100, BOTTOM,Fail
J302:,    Pin:3, Signal:5V, Orig_Signal:5V, Probed,J,CON,,100, BOTTOM,Fail
J302:,    Pin:4, Signal:NetJ302_4, Orig_Signal:NetJ302_4, Probed,J,CON,,100, BOTTOM,Fail
J302:,    Pin:5, Signal:NetJ302_5, Orig_Signal:NetJ302_5, Probed,J,CON,,100, BOTTOM,Fail
J302:,    Pin:6, Signal:UNCONNECTED_5, Orig_Signal:UNCONNECTED_5, Probed,J,CON,100.0,100, BOTTOM,Pass
K401:,    Pin:2, Signal:NetC403_2, Orig_Signal:NetC403_2, NotProbed,K,RELAY,,0,0,Fail
K401:,    Pin:1, Signal:NetC403_1, Orig_Signal:NetC403_1, NotProbed,K,RELAY,,0,0,Fail
K401:,    Pin:4, Signal:L1_1, Orig_Signal:L1-1, Probed,K,RELAY,,100, BOTTOM,Fail
K401:,    Pin:3, Signal:L2_N_1, Orig_Signal:L2/N-1, Probed,K,RELAY,,100, BOTTOM,Fail
K401:,    Pin:6, Signal:L1_2, Orig_Signal:L1-2, Probed,K,RELAY,,100, BOTTOM,Fail
K401:,    Pin:5, Signal:L2_N_2, Orig_Signal:L2/N-2, NotProbed,K,RELAY,50.0,0,0,Fail
L201:,    Pin:2, Signal:5V, Orig_Signal:5V, Probed,L,COIL,,100, BOTTOM,Fail
L201:,    Pin:1, Signal:NetC201_1, Orig_Signal:NetC201_1, Probed,L,COIL,100.0,75, BOTTOM,Pass
L601:,    Pin:1, Signal:NetC602_1, Orig_Signal:NetC602_1, Probed,L,COIL,,100, BOTTOM,Fail
L601:,    Pin:4, Signal:NetC602_2, Orig_Signal:NetC602_2, Probed,L,COIL,,100, BOTTOM,Fail
L601:,    Pin:3, Signal:NetC601_2, Orig_Signal:NetC601_2, Probed,L,COIL,,100, BOTTOM,Fail
L601:,    Pin:2, Signal:NetC608_1, Orig_Signal:NetC608_1, Probed,L,COIL,100.0,100, BOTTOM,Pass
L602:,    Pin:2, Signal:NetC602_2, Orig_Signal:NetC602_2, Probed,L,COIL,,100, BOTTOM,Fail
L602:,    Pin:1, Signal:L1_1, Orig_Signal:L1-1, Probed,L,COIL,100.0,100, BOTTOM,Pass
L603:,    Pin:1, Signal:L2_N_1, Orig_Signal:L2/N-1, Probed,L,COIL,,100, BOTTOM,Fail
L603:,    Pin:2, Signal:NetC602_1, Orig_Signal:NetC602_1, Probed,L,COIL,100.0,100, BOTTOM,Pass
LD301:,    Pin:1, Signal:UNCONNECTED_78, Orig_Signal:UNCONNECTED_78, NotProbed,LD,LED,,0,0,Fail
LD301:,    Pin:2, Signal:NetLD301_AN, Orig_Signal:NetLD301_AN, Probed,LD,LED,,100, BOTTOM,Fail
LD301:,    Pin:3, Signal:NetLD301_CAT, Orig_Signal:NetLD301_CAT, Probed,LD,LED,66.66666666666666,100, BOTTOM,Pass
LD302:,    Pin:1, Signal:UNCONNECTED_77, Orig_Signal:UNCONNECTED_77, NotProbed,LD,LED,,0,0,Fail
LD302:,    Pin:2, Signal:NetLD302_AN, Orig_Signal:NetLD302_AN, Probed,LD,LED,,100, BOTTOM,Fail
LD302:,    Pin:3, Signal:NetLD302_CAT, Orig_Signal:NetLD302_CAT, Probed,LD,LED,66.66666666666666,100, BOTTOM,Pass
MH201:,    Pin:1, Signal:GND, Orig_Signal:GND, Probed,MH,0,100.0,100, BOTTOM,Pass
MH202:,    Pin:1, Signal:GND, Orig_Signal:GND, Probed,MH,0,100.0,100, BOTTOM,Pass
MH203:,    Pin:1, Signal:GND, Orig_Signal:GND, Probed,MH,0,100.0,100, BOTTOM,Pass
P101:,    Pin:20, Signal:CANL, Orig_Signal:CANL, Probed,P,CON,,100, BOTTOM,Fail
P101:,    Pin:21, Signal:NetP101_21, Orig_Signal:NetP101_21, Probed,P,CON,,100, BOTTOM,Fail
P101:,    Pin:19, Signal:CANH, Orig_Signal:CANH, Probed,P,CON,,100, BOTTOM,Fail
P101:,    Pin:23, Signal:NetP101_23, Orig_Signal:NetP101_23, Probed,P,CON,,100, BOTTOM,Fail
P101:,    Pin:18, Signal:NetP101_18, Orig_Signal:NetP101_18, Probed,P,CON,,100, BOTTOM,Fail
P101:,    Pin:22, Signal:NetP101_22, Orig_Signal:NetP101_22, Probed,P,CON,,100, BOTTOM,Fail
P101:,    Pin:17, Signal:RS485B, Orig_Signal:RS485B, Probed,P,CON,,100, BOTTOM,Fail
P101:,    Pin:11, Signal:NetP101_11, Orig_Signal:NetP101_11, Probed,P,CON,,100, BOTTOM,Fail
P101:,    Pin:15, Signal:ID2, Orig_Signal:ID2, Probed,P,CON,,100, BOTTOM,Fail
P101:,    Pin:14, Signal:NetP101_14, Orig_Signal:NetP101_14, Probed,P,CON,,100, BOTTOM,Fail
P101:,    Pin:13, Signal:TEMP1, Orig_Signal:TEMP1, Probed,P,CON,,100, BOTTOM,Fail
P101:,    Pin:12, Signal:NetP101_12, Orig_Signal:NetP101_12, Probed,P,CON,,100, BOTTOM,Fail
P101:,    Pin:24, Signal:GND, Orig_Signal:GND, Probed,P,CON,,100, BOTTOM,Fail
P101:,    Pin:10, Signal:NetP101_10, Orig_Signal:NetP101_10, Probed,P,CON,,100, BOTTOM,Fail
P101:,    Pin:16, Signal:RS485A, Orig_Signal:RS485A, Probed,P,CON,,100, BOTTOM,Fail
P101:,    Pin:25, Signal:NetP101_25, Orig_Signal:NetP101_25, Probed,P,CON,,100, BOTTOM,Fail
P101:,    Pin:30, Signal:GND, Orig_Signal:GND, Probed,P,CON,,100, BOTTOM,Fail
P101:,    Pin:27, Signal:PROX_SNS, Orig_Signal:PROX_SNS, Probed,P,CON,,100, BOTTOM,Fail
P101:,    Pin:28, Signal:NetP101_28, Orig_Signal:NetP101_28, Probed,P,CON,,100, BOTTOM,Fail
P101:,    Pin:29, Signal:HALO_BYPASS, Orig_Signal:HALO_BYPASS, Probed,P,CON,,100, BOTTOM,Fail
P101:,    Pin:8, Signal:GND, Orig_Signal:GND, Probed,P,CON,,100, BOTTOM,Fail
P101:,    Pin:31, Signal:STM_TX_TMS_RX, Orig_Signal:STM_TX-TMS_RX, Probed,P,CON,,100, BOTTOM,Fail
P101:,    Pin:32, Signal:STM_RX_TMS_TX, Orig_Signal:STM_RX-TMS_TX, Probed,P,CON,,100, BOTTOM,Fail
P101:,    Pin:33, Signal:NetFB101_1, Orig_Signal:NetFB101_1, Probed,P,CON,,100, BOTTOM,Fail
P101:,    Pin:34, Signal:GND, Orig_Signal:GND, Probed,P,CON,,100, BOTTOM,Fail
P101:,    Pin:35, Signal:NetP101_35, Orig_Signal:NetP101_35, Probed,P,CON,,100, BOTTOM,Fail
P101:,    Pin:36, Signal:CP, Orig_Signal:CP, Probed,P,CON,,100, BOTTOM,Fail
P101:,    Pin:37, Signal:GND, Orig_Signal:GND, Probed,P,CON,,100, BOTTOM,Fail
P101:,    Pin:38, Signal:P12V, Orig_Signal:+12V, Probed,P,CON,,100, BOTTOM,Fail
P101:,    Pin:39, Signal:GND, Orig_Signal:GND, Probed,P,CON,,100, BOTTOM,Fail
P101:,    Pin:40, Signal:P12V, Orig_Signal:+12V, Probed,P,CON,,100, BOTTOM,Fail
P101:,    Pin:26, Signal:NetP101_26, Orig_Signal:NetP101_26, Probed,P,CON,,100, BOTTOM,Fail
P101:,    Pin:7, Signal:L1_CS, Orig_Signal:L1_CS, Probed,P,CON,,100, BOTTOM,Fail
P101:,    Pin:9, Signal:NetP101_9, Orig_Signal:NetP101_9, Probed,P,CON,,100, BOTTOM,Fail
P101:,    Pin:5, Signal:NetP101_5, Orig_Signal:NetP101_5, Probed,P,CON,,100, BOTTOM,Fail
P101:,    Pin:1, Signal:VOLT_MEAS, Orig_Signal:VOLT_MEAS, Probed,P,CON,,100, BOTTOM,Fail
P101:,    Pin:2, Signal:GND, Orig_Signal:GND, Probed,P,CON,,100, BOTTOM,Fail
P101:,    Pin:6, Signal:GND, Orig_Signal:GND, Probed,P,CON,,100, BOTTOM,Fail
P101:,    Pin:4, Signal:GND, Orig_Signal:GND, Probed,P,CON,,100, BOTTOM,Fail
P101:,    Pin:3, Signal:ID1, Orig_Signal:ID1, Probed,P,CON,100.0,100, BOTTOM,Pass
P201:,    Pin:6, Signal:UNCONNECTED_30, Orig_Signal:UNCONNECTED_30, NotProbed,P,CON,,0,0,Fail
P201:,    Pin:5, Signal:GND, Orig_Signal:GND, Probed,P,CON,,100, BOTTOM,Fail
P201:,    Pin:4, Signal:UNCONNECTED_29, Orig_Signal:UNCONNECTED_29, NotProbed,P,CON,,0,0,Fail
P201:,    Pin:3, Signal:L2_N_1, Orig_Signal:L2/N-1, Probed,P,CON,,100, BOTTOM,Fail
P201:,    Pin:2, Signal:UNCONNECTED_28, Orig_Signal:UNCONNECTED_28, NotProbed,P,CON,,0,0,Fail
P201:,    Pin:1, Signal:L1_1, Orig_Signal:L1-1, Probed,P,CON,50.0,100, BOTTOM,Fail
P202:,    Pin:1, Signal:L1_4, Orig_Signal:L1-4, NotProbed,P,CON,,0,0,Fail
P202:,    Pin:2, Signal:UNCONNECTED_25, Orig_Signal:UNCONNECTED_25, NotProbed,P,CON,,0,0,Fail
P202:,    Pin:3, Signal:L2_N_3, Orig_Signal:L2/N-3, NotProbed,P,CON,,0,0,Fail
P202:,    Pin:6, Signal:UNCONNECTED_27, Orig_Signal:UNCONNECTED_27, NotProbed,P,CON,,0,0,Fail
P202:,    Pin:5, Signal:GND, Orig_Signal:GND, Probed,P,CON,,100, BOTTOM,Fail
P202:,    Pin:4, Signal:UNCONNECTED_26, Orig_Signal:UNCONNECTED_26, NotProbed,P,CON,16.666666666666664,0,0,Fail
P204:,    Pin:2, Signal:PROX_SNS, Orig_Signal:PROX_SNS, Probed,P,CON,,100, BOTTOM,Fail
P204:,    Pin:1, Signal:CP, Orig_Signal:CP, Probed,P,CON,100.0,100, BOTTOM,Pass
P205:,    Pin:4, Signal:UNCONNECTED_22, Orig_Signal:UNCONNECTED_22, NotProbed,P,CON,,0,0,Fail
P205:,    Pin:1, Signal:NetF201_1, Orig_Signal:NetF201_1, NotProbed,P,CON,,0,0,Fail
P205:,    Pin:3, Signal:GND, Orig_Signal:GND, Probed,P,CON,,100, BOTTOM,Fail
P205:,    Pin:2, Signal:UNCONNECTED_21, Orig_Signal:UNCONNECTED_21, NotProbed,P,CON,,0,0,Fail
P205:,    Pin:6, Signal:UNCONNECTED_23, Orig_Signal:UNCONNECTED_23, NotProbed,P,CON,,0,0,Fail
P205:,    Pin:7, Signal:RS485A, Orig_Signal:RS485A, Probed,P,CON,,100, BOTTOM,Fail
P205:,    Pin:8, Signal:UNCONNECTED_24, Orig_Signal:UNCONNECTED_24, NotProbed,P,CON,,0,0,Fail
P205:,    Pin:5, Signal:RS485B, Orig_Signal:RS485B, Probed,P,CON,37.5,100, BOTTOM,Fail
P206:,    Pin:1, Signal:CANL, Orig_Signal:CANL, Probed,P,CON,,100, BOTTOM,Fail
P206:,    Pin:2, Signal:UNCONNECTED_17, Orig_Signal:UNCONNECTED_17, NotProbed,P,CON,,0,0,Fail
P206:,    Pin:3, Signal:CANL, Orig_Signal:CANL, Probed,P,CON,,100, BOTTOM,Fail
P206:,    Pin:5, Signal:CANH, Orig_Signal:CANH, Probed,P,CON,,100, BOTTOM,Fail
P206:,    Pin:6, Signal:UNCONNECTED_19, Orig_Signal:UNCONNECTED_19, NotProbed,P,CON,,0,0,Fail
P206:,    Pin:4, Signal:UNCONNECTED_18, Orig_Signal:UNCONNECTED_18, NotProbed,P,CON,,0,0,Fail
P206:,    Pin:8, Signal:UNCONNECTED_20, Orig_Signal:UNCONNECTED_20, NotProbed,P,CON,,0,0,Fail
P206:,    Pin:7, Signal:CANH, Orig_Signal:CANH, Probed,P,CON,50.0,100, BOTTOM,Fail
Q301:,    Pin:1, Signal:NetLD301_CAT, Orig_Signal:NetLD301_CAT, Probed,Q,TRT,,100, BOTTOM,Fail
Q301:,    Pin:2, Signal:NetQ301_G, Orig_Signal:NetQ301_G, NotProbed,Q,TRT,,0,0,Fail
Q301:,    Pin:3, Signal:GND, Orig_Signal:GND, Probed,Q,TRT,66.66666666666666,100, BOTTOM,Pass
Q302:,    Pin:2, Signal:NetQ302_G, Orig_Signal:NetQ302_G, NotProbed,Q,TRT,,0,0,Fail
Q302:,    Pin:1, Signal:NetLD302_CAT, Orig_Signal:NetLD302_CAT, Probed,Q,TRT,,100, BOTTOM,Fail
Q302:,    Pin:3, Signal:GND, Orig_Signal:GND, Probed,Q,TRT,66.66666666666666,100, BOTTOM,Pass
Q401:,    Pin:4, Signal:P12V, Orig_Signal:+12V, Probed,Q,TRT,,100, BOTTOM,Fail
Q401:,    Pin:3, Signal:NetQ401_G, Orig_Signal:NetQ401_G, Probed,Q,TRT,,75, BOTTOM,Fail
Q401:,    Pin:2, Signal:NetC403_2, Orig_Signal:NetC403_2, NotProbed,Q,TRT,,0,0,Fail
Q401:,    Pin:1, Signal:UNCONNECTED_36, Orig_Signal:UNCONNECTED_36, NotProbed,Q,TRT,50.0,0,0,Fail
Q402:,    Pin:3, Signal:GND, Orig_Signal:GND, Probed,Q,TRT,,100, BOTTOM,Fail
Q402:,    Pin:1, Signal:NetQ402_D, Orig_Signal:NetQ402_D, Probed,Q,TRT,,100, TOP,Fail
Q402:,    Pin:2, Signal:NetQ402_G, Orig_Signal:NetQ402_G, Probed,Q,TRT,100.0,100, BOTTOM,Pass
Q403:,    Pin:1, Signal:UNCONNECTED_74, Orig_Signal:UNCONNECTED_74, NotProbed,Q,TRT,,0,0,Fail
Q403:,    Pin:3, Signal:NetQ403_G, Orig_Signal:NetQ403_G, Probed,Q,TRT,,100, BOTTOM,Fail
Q403:,    Pin:4, Signal:GND, Orig_Signal:GND, Probed,Q,TRT,,100, BOTTOM,Fail
Q403:,    Pin:2, Signal:NetC403_1, Orig_Signal:NetC403_1, NotProbed,Q,TRT,50.0,0,0,Fail
Q501:,    Pin:3, Signal:GND, Orig_Signal:GND, Probed,Q,TRT,,100, BOTTOM,Fail
Q501:,    Pin:1, Signal:NetQ501_D, Orig_Signal:NetQ501_D, Probed,Q,TRT,,100, TOP,Fail
Q501:,    Pin:2, Signal:NetC506_2, Orig_Signal:NetC506_2, NotProbed,Q,TRT,66.66666666666666,0,0,Pass
Q502:,    Pin:2, Signal:NetC506_2, Orig_Signal:NetC506_2, NotProbed,Q,TRT,,0,0,Fail
Q502:,    Pin:3, Signal:GND, Orig_Signal:GND, Probed,Q,TRT,,100, BOTTOM,Fail
Q502:,    Pin:1, Signal:NetQ502_D, Orig_Signal:NetQ502_D, Probed,Q,TRT,66.66666666666666,100, TOP,Pass
Q503:,    Pin:1, Signal:NetQ503_D, Orig_Signal:NetQ503_D, Probed,Q,TRT,,100, TOP,Fail
Q503:,    Pin:2, Signal:NetQ503_G, Orig_Signal:NetQ503_G, Probed,Q,TRT,,100, BOTTOM,Fail
Q503:,    Pin:3, Signal:GND, Orig_Signal:GND, Probed,Q,TRT,100.0,100, BOTTOM,Pass
Q504:,    Pin:1, Signal:NetQ504_D, Orig_Signal:NetQ504_D, Probed,Q,TRT,,100, TOP,Fail
Q504:,    Pin:2, Signal:NetQ504_G, Orig_Signal:NetQ504_G, Probed,Q,TRT,,100, BOTTOM,Fail
Q504:,    Pin:3, Signal:GND, Orig_Signal:GND, Probed,Q,TRT,100.0,100, BOTTOM,Pass
R101:,    Pin:1, Signal:NetP101_35, Orig_Signal:NetP101_35, Probed,R,RES,,100, BOTTOM,Fail
R101:,    Pin:2, Signal:5V, Orig_Signal:5V, Probed,R,RES,100.0,100, BOTTOM,Pass
R102:,    Pin:1, Signal:NetP101_5, Orig_Signal:NetP101_5, Probed,R,RES,,100, BOTTOM,Fail
R102:,    Pin:2, Signal:GND, Orig_Signal:GND, Probed,R,RES,100.0,100, BOTTOM,Pass
R103:,    Pin:2, Signal:GND, Orig_Signal:GND, Probed,R,RES,,100, BOTTOM,Fail
R103:,    Pin:1, Signal:NetP101_9, Orig_Signal:NetP101_9, Probed,R,RES,100.0,100, BOTTOM,Pass
R104:,    Pin:2, Signal:GND, Orig_Signal:GND, Probed,R,RES,,100, BOTTOM,Fail
R104:,    Pin:1, Signal:NetP101_10, Orig_Signal:NetP101_10, Probed,R,RES,100.0,100, BOTTOM,Pass
R105:,    Pin:2, Signal:GND, Orig_Signal:GND, Probed,R,RES,,100, BOTTOM,Fail
R105:,    Pin:1, Signal:NetP101_11, Orig_Signal:NetP101_11, Probed,R,RES,100.0,100, BOTTOM,Pass
R106:,    Pin:2, Signal:GND, Orig_Signal:GND, Probed,R,RES,,100, BOTTOM,Fail
R106:,    Pin:1, Signal:NetP101_12, Orig_Signal:NetP101_12, Probed,R,RES,100.0,100, BOTTOM,Pass
R107:,    Pin:2, Signal:GND, Orig_Signal:GND, Probed,R,RES,,100, BOTTOM,Fail
R107:,    Pin:1, Signal:NetP101_14, Orig_Signal:NetP101_14, Probed,R,RES,100.0,100, BOTTOM,Pass
R108:,    Pin:1, Signal:NetP101_18, Orig_Signal:NetP101_18, Probed,R,RES,,100, BOTTOM,Fail
R108:,    Pin:2, Signal:GND, Orig_Signal:GND, Probed,R,RES,100.0,100, BOTTOM,Pass
R109:,    Pin:1, Signal:NetP101_21, Orig_Signal:NetP101_21, Probed,R,RES,,100, BOTTOM,Fail
R109:,    Pin:2, Signal:GND, Orig_Signal:GND, Probed,R,RES,100.0,100, BOTTOM,Pass
R110:,    Pin:1, Signal:NetP101_22, Orig_Signal:NetP101_22, Probed,R,RES,,100, BOTTOM,Fail
R110:,    Pin:2, Signal:GND, Orig_Signal:GND, Probed,R,RES,100.0,100, BOTTOM,Pass
R111:,    Pin:2, Signal:GND, Orig_Signal:GND, Probed,R,RES,,100, BOTTOM,Fail
R111:,    Pin:1, Signal:NetP101_23, Orig_Signal:NetP101_23, Probed,R,RES,100.0,100, BOTTOM,Pass
R112:,    Pin:2, Signal:GND, Orig_Signal:GND, Probed,R,RES,,100, BOTTOM,Fail
R112:,    Pin:1, Signal:NetP101_25, Orig_Signal:NetP101_25, Probed,R,RES,100.0,100, BOTTOM,Pass
R113:,    Pin:2, Signal:GND, Orig_Signal:GND, Probed,R,RES,,100, BOTTOM,Fail
R113:,    Pin:1, Signal:NetP101_26, Orig_Signal:NetP101_26, Probed,R,RES,100.0,100, BOTTOM,Pass
R114:,    Pin:2, Signal:GND, Orig_Signal:GND, Probed,R,RES,,100, BOTTOM,Fail
R114:,    Pin:1, Signal:NetP101_28, Orig_Signal:NetP101_28, Probed,R,RES,100.0,100, BOTTOM,Pass
R201:,    Pin:2, Signal:3_3V, Orig_Signal:3.3V, Probed,R,RES,,100, TOP,Fail
R201:,    Pin:1, Signal:NetR201_1, Orig_Signal:NetR201_1, Probed,R,RES,100.0,50, TOP,Pass
R202:,    Pin:2, Signal:NetR201_1, Orig_Signal:NetR201_1, Probed,R,RES,,50, TOP,Fail
R202:,    Pin:1, Signal:NetR202_1, Orig_Signal:NetR202_1, Probed,R,RES,100.0,75, BOTTOM,Pass
R203:,    Pin:2, Signal:NetR203_2, Orig_Signal:NetR203_2, Probed,R,RES,,75, BOTTOM,Fail
R203:,    Pin:1, Signal:NetR203_1, Orig_Signal:NetR203_1, Probed,R,RES,100.0,50, TOP,Pass
R204:,    Pin:2, Signal:5V, Orig_Signal:5V, Probed,R,RES,,100, BOTTOM,Fail
R204:,    Pin:1, Signal:NetD204_3, Orig_Signal:NetD204_3, NotProbed,R,RES,50.0,0,0,Fail
R205:,    Pin:2, Signal:PROX_SNS, Orig_Signal:PROX_SNS, Probed,R,RES,,100, BOTTOM,Fail
R205:,    Pin:1, Signal:NetD203_CAT, Orig_Signal:NetD203_CAT, NotProbed,R,RES,50.0,0,0,Fail
R206:,    Pin:2, Signal:NetD204_3, Orig_Signal:NetD204_3, NotProbed,R,RES,,0,0,Fail
R206:,    Pin:1, Signal:GND, Orig_Signal:GND, Probed,R,RES,50.0,100, BOTTOM,Fail
R207:,    Pin:1, Signal:GND, Orig_Signal:GND, Probed,R,RES,,100, BOTTOM,Fail
R207:,    Pin:2, Signal:NetD204_3, Orig_Signal:NetD204_3, NotProbed,R,RES,50.0,0,0,Fail
R208:,    Pin:1, Signal:NetR201_1, Orig_Signal:NetR201_1, Probed,R,RES,,50, TOP,Fail
R208:,    Pin:2, Signal:3_3V, Orig_Signal:3.3V, Probed,R,RES,100.0,100, TOP,Pass
R301:,    Pin:2, Signal:NetC301_1, Orig_Signal:NetC301_1, NotProbed,R,RES,,0,0,Fail
R301:,    Pin:1, Signal:5V, Orig_Signal:5V, Probed,R,RES,50.0,100, BOTTOM,Fail
R302:,    Pin:1, Signal:NetC303_2, Orig_Signal:NetC303_2, NotProbed,R,RES,,0,0,Fail
R302:,    Pin:2, Signal:3_3V, Orig_Signal:3.3V, Probed,R,RES,50.0,100, TOP,Fail
R303:,    Pin:2, Signal:SWDIO, Orig_Signal:SWDIO, NotProbed,R,RES,,0,0,Fail
R303:,    Pin:1, Signal:NetJ301_2, Orig_Signal:NetJ301_2, Probed,R,RES,50.0,50, TOP,Fail
R304:,    Pin:2, Signal:NetJ301_3, Orig_Signal:NetJ301_3, Probed,R,RES,,100, TOP,Fail
R304:,    Pin:1, Signal:NRST, Orig_Signal:NRST, Probed,R,RES,100.0,100, TOP,Pass
R305:,    Pin:1, Signal:NetJ301_4, Orig_Signal:NetJ301_4, Probed,R,RES,,75, TOP,Fail
R305:,    Pin:2, Signal:SWCLK, Orig_Signal:SWCLK, NotProbed,R,RES,50.0,0,0,Fail
R306:,    Pin:2, Signal:NRST, Orig_Signal:NRST, Probed,R,RES,,100, TOP,Fail
R306:,    Pin:1, Signal:3_3V, Orig_Signal:3.3V, Probed,R,RES,100.0,100, TOP,Pass
R307:,    Pin:1, Signal:NetC307_1, Orig_Signal:NetC307_1, NotProbed,R,RES,,0,0,Fail
R307:,    Pin:2, Signal:3_3V, Orig_Signal:3.3V, Probed,R,RES,50.0,100, TOP,Fail
R308:,    Pin:2, Signal:NetJ302_5, Orig_Signal:NetJ302_5, Probed,R,RES,,100, BOTTOM,Fail
R308:,    Pin:1, Signal:DEBUG_TX, Orig_Signal:DEBUG_TX, Probed,R,RES,100.0,100, TOP,Pass
R309:,    Pin:2, Signal:NetJ302_4, Orig_Signal:NetJ302_4, Probed,R,RES,,100, BOTTOM,Fail
R309:,    Pin:1, Signal:DEBUG_RX, Orig_Signal:DEBUG_RX, Probed,R,RES,100.0,50, TOP,Pass
R310:,    Pin:1, Signal:3_3V, Orig_Signal:3.3V, Probed,R,RES,,100, TOP,Fail
R310:,    Pin:2, Signal:NetLD301_AN, Orig_Signal:NetLD301_AN, Probed,R,RES,100.0,100, BOTTOM,Pass
R311:,    Pin:1, Signal:3_3V, Orig_Signal:3.3V, Probed,R,RES,,100, TOP,Fail
R311:,    Pin:2, Signal:NetLD302_AN, Orig_Signal:NetLD302_AN, Probed,R,RES,100.0,100, BOTTOM,Pass
R312:,    Pin:1, Signal:NetQ302_G, Orig_Signal:NetQ302_G, NotProbed,R,RES,,0,0,Fail
R312:,    Pin:2, Signal:LED1, Orig_Signal:LED1, NotProbed,R,RES,,0,0,Fail
R313:,    Pin:1, Signal:NetQ301_G, Orig_Signal:NetQ301_G, NotProbed,R,RES,,0,0,Fail
R313:,    Pin:2, Signal:LED2, Orig_Signal:LED2, NotProbed,R,RES,,0,0,Fail
R314:,    Pin:1, Signal:GND, Orig_Signal:GND, Probed,R,RES,,100, BOTTOM,Fail
R314:,    Pin:2, Signal:NetQ301_G, Orig_Signal:NetQ301_G, NotProbed,R,RES,50.0,0,0,Fail
R315:,    Pin:2, Signal:NetQ302_G, Orig_Signal:NetQ302_G, NotProbed,R,RES,,0,0,Fail
R315:,    Pin:1, Signal:GND, Orig_Signal:GND, Probed,R,RES,50.0,100, BOTTOM,Fail
R316:,    Pin:1, Signal:NetR316_1, Orig_Signal:NetR316_1, Probed,R,RES,,100, BOTTOM,Fail
R316:,    Pin:2, Signal:HALO_BYPASS, Orig_Signal:HALO_BYPASS, Probed,R,RES,100.0,100, BOTTOM,Pass
R317:,    Pin:2, Signal:NetR317_2, Orig_Signal:NetR317_2, Probed,R,RES,,50, BOTTOM,Fail
R317:,    Pin:1, Signal:STM_TX_TMS_RX, Orig_Signal:STM_TX-TMS_RX, Probed,R,RES,100.0,100, BOTTOM,Pass
R318:,    Pin:2, Signal:NetR318_2, Orig_Signal:NetR318_2, Probed,R,RES,,50, BOTTOM,Fail
R318:,    Pin:1, Signal:STM_RX_TMS_TX, Orig_Signal:STM_RX-TMS_TX, Probed,R,RES,100.0,100, BOTTOM,Pass
R319:,    Pin:2, Signal:NetC310_1, Orig_Signal:NetC310_1, NotProbed,R,RES,,0,0,Fail
R319:,    Pin:1, Signal:NetC311_1, Orig_Signal:NetC311_1, NotProbed,R,RES,,0,0,Fail
R320:,    Pin:1, Signal:WDI, Orig_Signal:WDI, NotProbed,R,RES,,0,0,Fail
R320:,    Pin:2, Signal:3_3V, Orig_Signal:3.3V, Probed,R,RES,50.0,100, TOP,Fail
R321:,    Pin:1, Signal:3_3V, Orig_Signal:3.3V, Probed,R,RES,,100, TOP,Fail
R321:,    Pin:2, Signal:DEBUG_TX, Orig_Signal:DEBUG_TX, Probed,R,RES,100.0,100, TOP,Pass
R322:,    Pin:1, Signal:3_3V, Orig_Signal:3.3V, Probed,R,RES,,100, TOP,Fail
R322:,    Pin:2, Signal:DEBUG_RX, Orig_Signal:DEBUG_RX, Probed,R,RES,100.0,50, TOP,Pass
R323:,    Pin:1, Signal:SWDIO, Orig_Signal:SWDIO, NotProbed,R,RES,,0,0,Fail
R323:,    Pin:2, Signal:3_3V, Orig_Signal:3.3V, Probed,R,RES,50.0,100, TOP,Fail
R324:,    Pin:2, Signal:3_3V, Orig_Signal:3.3V, Probed,R,RES,,100, TOP,Fail
R324:,    Pin:1, Signal:SWCLK, Orig_Signal:SWCLK, NotProbed,R,RES,50.0,0,0,Fail
R325:,    Pin:1, Signal:NetC311_1, Orig_Signal:NetC311_1, NotProbed,R,RES,,0,0,Fail
R325:,    Pin:2, Signal:NetR325_2, Orig_Signal:NetR325_2, NotProbed,R,RES,,0,0,Fail
R401:,    Pin:2, Signal:P12V, Orig_Signal:+12V, Probed,R,RES,,100, BOTTOM,Fail
R401:,    Pin:1, Signal:NetQ402_D, Orig_Signal:NetQ402_D, Probed,R,RES,100.0,100, TOP,Pass
R402:,    Pin:1, Signal:NetQ401_G, Orig_Signal:NetQ401_G, Probed,R,RES,,75, BOTTOM,Fail
R402:,    Pin:2, Signal:NetQ402_D, Orig_Signal:NetQ402_D, Probed,R,RES,100.0,100, TOP,Pass
R403:,    Pin:1, Signal:NetQ402_G, Orig_Signal:NetQ402_G, Probed,R,RES,,100, BOTTOM,Fail
R403:,    Pin:2, Signal:RELAY_CTRL_2, Orig_Signal:RELAY_CTRL_2, NotProbed,R,RES,50.0,0,0,Fail
R404:,    Pin:2, Signal:NetQ402_G, Orig_Signal:NetQ402_G, Probed,R,RES,,100, BOTTOM,Fail
R404:,    Pin:1, Signal:GND, Orig_Signal:GND, Probed,R,RES,100.0,100, BOTTOM,Pass
R405:,    Pin:1, Signal:P12V, Orig_Signal:+12V, Probed,R,RES,,100, BOTTOM,Fail
R405:,    Pin:2, Signal:NetC401_1, Orig_Signal:NetC401_1, NotProbed,R,RES,50.0,0,0,Fail
R415:,    Pin:2, Signal:RELAY_CTRL_1, Orig_Signal:RELAY_CTRL_1, Probed,R,RES,,100, TOP,Fail
R415:,    Pin:1, Signal:NetQ403_G, Orig_Signal:NetQ403_G, Probed,R,RES,100.0,100, BOTTOM,Pass
R416:,    Pin:2, Signal:GND, Orig_Signal:GND, Probed,R,RES,,100, BOTTOM,Fail
R416:,    Pin:1, Signal:NetQ403_G, Orig_Signal:NetQ403_G, Probed,R,RES,100.0,100, BOTTOM,Pass
R501:,    Pin:2, Signal:NetFB501_2, Orig_Signal:NetFB501_2, Probed,R,RES,,50, BOTTOM,Fail
R501:,    Pin:1, Signal:NetC501_2, Orig_Signal:NetC501_2, NotProbed,R,RES,50.0,0,0,Fail
R502:,    Pin:2, Signal:NetR502_2, Orig_Signal:NetR502_2, Probed,R,RES,,50, BOTTOM,Fail
R502:,    Pin:1, Signal:NetR502_1, Orig_Signal:NetR502_1, Probed,R,RES,100.0,100, TOP,Pass
R503:,    Pin:1, Signal:NetR503_1, Orig_Signal:NetR503_1, Probed,R,RES,,75, BOTTOM,Fail
R503:,    Pin:2, Signal:NetR502_1, Orig_Signal:NetR502_1, Probed,R,RES,100.0,100, TOP,Pass
R504:,    Pin:2, Signal:NetR503_1, Orig_Signal:NetR503_1, Probed,R,RES,,75, BOTTOM,Fail
R504:,    Pin:1, Signal:NetR504_1, Orig_Signal:NetR504_1, Probed,R,RES,100.0,75, BOTTOM,Pass
R505:,    Pin:1, Signal:L1_1, Orig_Signal:L1-1, Probed,R,RES,,100, BOTTOM,Fail
R505:,    Pin:2, Signal:NetR505_2, Orig_Signal:NetR505_2, NotProbed,R,RES,50.0,0,0,Fail
R506:,    Pin:1, Signal:NetR505_2, Orig_Signal:NetR505_2, NotProbed,R,RES,,0,0,Fail
R506:,    Pin:2, Signal:NetR506_2, Orig_Signal:NetR506_2, NotProbed,R,RES,,0,0,Fail
R507:,    Pin:1, Signal:NetR506_2, Orig_Signal:NetR506_2, NotProbed,R,RES,,0,0,Fail
R507:,    Pin:2, Signal:NetC502_2, Orig_Signal:NetC502_2, NotProbed,R,RES,,0,0,Fail
R508:,    Pin:1, Signal:NetFB501_1, Orig_Signal:NetFB501_1, Probed,R,RES,,75, BOTTOM,Fail
R508:,    Pin:2, Signal:NetC502_1, Orig_Signal:NetC502_1, NotProbed,R,RES,50.0,0,0,Fail
R509:,    Pin:1, Signal:NetC503_2, Orig_Signal:NetC503_2, NotProbed,R,RES,,0,0,Fail
R509:,    Pin:2, Signal:NetC502_2, Orig_Signal:NetC502_2, NotProbed,R,RES,,0,0,Fail
R510:,    Pin:2, Signal:NetR510_2, Orig_Signal:NetR510_2, NotProbed,R,RES,,0,0,Fail
R510:,    Pin:1, Signal:L2_N_1, Orig_Signal:L2/N-1, Probed,R,RES,50.0,100, BOTTOM,Fail
R511:,    Pin:1, Signal:NetR510_2, Orig_Signal:NetR510_2, NotProbed,R,RES,,0,0,Fail
R511:,    Pin:2, Signal:NetR511_2, Orig_Signal:NetR511_2, NotProbed,R,RES,,0,0,Fail
R512:,    Pin:1, Signal:NetR511_2, Orig_Signal:NetR511_2, NotProbed,R,RES,,0,0,Fail
R512:,    Pin:2, Signal:NetC503_2, Orig_Signal:NetC503_2, NotProbed,R,RES,,0,0,Fail
R513:,    Pin:1, Signal:NetFB502_1, Orig_Signal:NetFB502_1, Probed,R,RES,,50, BOTTOM,Fail
R513:,    Pin:2, Signal:NetC503_1, Orig_Signal:NetC503_1, NotProbed,R,RES,50.0,0,0,Fail
R514:,    Pin:1, Signal:NetC504_2, Orig_Signal:NetC504_2, NotProbed,R,RES,,0,0,Fail
R514:,    Pin:2, Signal:NetFB502_2, Orig_Signal:NetFB502_2, Probed,R,RES,50.0,75, BOTTOM,Fail
R515:,    Pin:2, Signal:NetFB502_1, Orig_Signal:NetFB502_1, Probed,R,RES,,50, BOTTOM,Fail
R515:,    Pin:1, Signal:GND, Orig_Signal:GND, Probed,R,RES,100.0,100, BOTTOM,Pass
R516:,    Pin:1, Signal:GND, Orig_Signal:GND, Probed,R,RES,,100, BOTTOM,Fail
R516:,    Pin:2, Signal:NetFB501_1, Orig_Signal:NetFB501_1, Probed,R,RES,100.0,75, BOTTOM,Pass
R517:,    Pin:2, Signal:NetR517_2, Orig_Signal:NetR517_2, NotProbed,R,RES,,0,0,Fail
R517:,    Pin:1, Signal:NetR517_1, Orig_Signal:NetR517_1, NotProbed,R,RES,,0,0,Fail
R518:,    Pin:2, Signal:NetR518_2, Orig_Signal:NetR518_2, NotProbed,R,RES,,0,0,Fail
R518:,    Pin:1, Signal:VOLT_MEAS, Orig_Signal:VOLT_MEAS, Probed,R,RES,50.0,100, BOTTOM,Fail
R519:,    Pin:2, Signal:NetR517_1, Orig_Signal:NetR517_1, NotProbed,R,RES,,0,0,Fail
R519:,    Pin:1, Signal:NetR518_2, Orig_Signal:NetR518_2, NotProbed,R,RES,,0,0,Fail
R520:,    Pin:2, Signal:3_3V, Orig_Signal:3.3V, Probed,R,RES,,100, TOP,Fail
R520:,    Pin:1, Signal:NetQ501_D, Orig_Signal:NetQ501_D, Probed,R,RES,100.0,100, TOP,Pass
R521:,    Pin:2, Signal:NetR521_2, Orig_Signal:NetR521_2, NotProbed,R,RES,,0,0,Fail
R521:,    Pin:1, Signal:NetD504_K, Orig_Signal:NetD504_K, NotProbed,R,RES,,0,0,Fail
R522:,    Pin:1, Signal:NetR521_2, Orig_Signal:NetR521_2, NotProbed,R,RES,,0,0,Fail
R522:,    Pin:2, Signal:NetR522_2, Orig_Signal:NetR522_2, NotProbed,R,RES,,0,0,Fail
R523:,    Pin:1, Signal:NetR522_2, Orig_Signal:NetR522_2, NotProbed,R,RES,,0,0,Fail
R523:,    Pin:2, Signal:NetD507_K, Orig_Signal:NetD507_K, NotProbed,R,RES,,0,0,Fail
R524:,    Pin:2, Signal:NetR524_2, Orig_Signal:NetR524_2, NotProbed,R,RES,,0,0,Fail
R524:,    Pin:1, Signal:NetD506_K, Orig_Signal:NetD506_K, NotProbed,R,RES,,0,0,Fail
R525:,    Pin:1, Signal:NetR524_2, Orig_Signal:NetR524_2, NotProbed,R,RES,,0,0,Fail
R525:,    Pin:2, Signal:NetR525_2, Orig_Signal:NetR525_2, NotProbed,R,RES,,0,0,Fail
R526:,    Pin:1, Signal:NetR525_2, Orig_Signal:NetR525_2, NotProbed,R,RES,,0,0,Fail
R526:,    Pin:2, Signal:NetD507_K, Orig_Signal:NetD507_K, NotProbed,R,RES,,0,0,Fail
R527:,    Pin:1, Signal:NetC506_2, Orig_Signal:NetC506_2, NotProbed,R,RES,,0,0,Fail
R527:,    Pin:2, Signal:NetD507_K, Orig_Signal:NetD507_K, NotProbed,R,RES,,0,0,Fail
R528:,    Pin:1, Signal:GND, Orig_Signal:GND, Probed,R,RES,,100, BOTTOM,Fail
R528:,    Pin:2, Signal:NetC506_2, Orig_Signal:NetC506_2, NotProbed,R,RES,50.0,0,0,Fail
R529:,    Pin:2, Signal:NetC506_2, Orig_Signal:NetC506_2, NotProbed,R,RES,,0,0,Fail
R529:,    Pin:1, Signal:GND, Orig_Signal:GND, Probed,R,RES,50.0,100, BOTTOM,Fail
R530:,    Pin:1, Signal:NetQ502_D, Orig_Signal:NetQ502_D, Probed,R,RES,,100, TOP,Fail
R530:,    Pin:2, Signal:3_3V, Orig_Signal:3.3V, Probed,R,RES,100.0,100, TOP,Pass
R531:,    Pin:2, Signal:L1_CS, Orig_Signal:L1_CS, Probed,R,RES,,100, BOTTOM,Fail
R531:,    Pin:1, Signal:NetC518_1, Orig_Signal:NetC518_1, NotProbed,R,RES,50.0,0,0,Fail
R532:,    Pin:2, Signal:3_3V, Orig_Signal:3.3V, Probed,R,RES,,100, TOP,Fail
R532:,    Pin:1, Signal:NetQ503_D, Orig_Signal:NetQ503_D, Probed,R,RES,100.0,100, TOP,Pass
R533:,    Pin:1, Signal:ID1, Orig_Signal:ID1, Probed,R,RES,,100, BOTTOM,Fail
R533:,    Pin:2, Signal:5V, Orig_Signal:5V, Probed,R,RES,100.0,100, BOTTOM,Pass
R534:,    Pin:2, Signal:5V, Orig_Signal:5V, Probed,R,RES,,100, BOTTOM,Fail
R534:,    Pin:1, Signal:ID2, Orig_Signal:ID2, Probed,R,RES,100.0,100, BOTTOM,Pass
R535:,    Pin:1, Signal:NetD508_K, Orig_Signal:NetD508_K, NotProbed,R,RES,,0,0,Fail
R535:,    Pin:2, Signal:NetR535_2, Orig_Signal:NetR535_2, NotProbed,R,RES,,0,0,Fail
R536:,    Pin:1, Signal:NetR535_2, Orig_Signal:NetR535_2, NotProbed,R,RES,,0,0,Fail
R536:,    Pin:2, Signal:NetR536_2, Orig_Signal:NetR536_2, NotProbed,R,RES,,0,0,Fail
R537:,    Pin:1, Signal:NetR536_2, Orig_Signal:NetR536_2, NotProbed,R,RES,,0,0,Fail
R537:,    Pin:2, Signal:NetD511_K, Orig_Signal:NetD511_K, Probed,R,RES,50.0,75, BOTTOM,Fail
R538:,    Pin:2, Signal:NetQ503_G, Orig_Signal:NetQ503_G, Probed,R,RES,,100, BOTTOM,Fail
R538:,    Pin:1, Signal:NetC511_2, Orig_Signal:NetC511_2, NotProbed,R,RES,50.0,0,0,Fail
R539:,    Pin:1, Signal:NetD511_K, Orig_Signal:NetD511_K, Probed,R,RES,,75, BOTTOM,Fail
R539:,    Pin:2, Signal:NetC511_2, Orig_Signal:NetC511_2, NotProbed,R,RES,50.0,0,0,Fail
R540:,    Pin:1, Signal:NetD510_K, Orig_Signal:NetD510_K, NotProbed,R,RES,,0,0,Fail
R540:,    Pin:2, Signal:NetR540_2, Orig_Signal:NetR540_2, NotProbed,R,RES,,0,0,Fail
R541:,    Pin:2, Signal:NetR541_2, Orig_Signal:NetR541_2, NotProbed,R,RES,,0,0,Fail
R541:,    Pin:1, Signal:NetR540_2, Orig_Signal:NetR540_2, NotProbed,R,RES,,0,0,Fail
R542:,    Pin:2, Signal:NetD511_K, Orig_Signal:NetD511_K, Probed,R,RES,,75, BOTTOM,Fail
R542:,    Pin:1, Signal:NetR541_2, Orig_Signal:NetR541_2, NotProbed,R,RES,50.0,0,0,Fail
R543:,    Pin:2, Signal:NetC511_2, Orig_Signal:NetC511_2, NotProbed,R,RES,,0,0,Fail
R543:,    Pin:1, Signal:NetD511_K, Orig_Signal:NetD511_K, Probed,R,RES,50.0,75, BOTTOM,Fail
R544:,    Pin:1, Signal:GND, Orig_Signal:GND, Probed,R,RES,,100, BOTTOM,Fail
R544:,    Pin:2, Signal:ID1, Orig_Signal:ID1, Probed,R,RES,100.0,100, BOTTOM,Pass
R545:,    Pin:1, Signal:GND, Orig_Signal:GND, Probed,R,RES,,100, BOTTOM,Fail
R545:,    Pin:2, Signal:ID2, Orig_Signal:ID2, Probed,R,RES,100.0,100, BOTTOM,Pass
R546:,    Pin:1, Signal:NetQ504_G, Orig_Signal:NetQ504_G, Probed,R,RES,,100, BOTTOM,Fail
R546:,    Pin:2, Signal:NetC511_2, Orig_Signal:NetC511_2, NotProbed,R,RES,50.0,0,0,Fail
R547:,    Pin:2, Signal:3_3V, Orig_Signal:3.3V, Probed,R,RES,,100, TOP,Fail
R547:,    Pin:1, Signal:NetQ504_D, Orig_Signal:NetQ504_D, Probed,R,RES,100.0,100, TOP,Pass
R548:,    Pin:2, Signal:NetC511_2, Orig_Signal:NetC511_2, NotProbed,R,RES,,0,0,Fail
R548:,    Pin:1, Signal:GND, Orig_Signal:GND, Probed,R,RES,50.0,100, BOTTOM,Fail
R549:,    Pin:1, Signal:GND, Orig_Signal:GND, Probed,R,RES,,100, BOTTOM,Fail
R549:,    Pin:2, Signal:NetC511_2, Orig_Signal:NetC511_2, NotProbed,R,RES,50.0,0,0,Fail
R550:,    Pin:1, Signal:NetC518_2, Orig_Signal:NetC518_2, NotProbed,R,RES,,0,0,Fail
R550:,    Pin:2, Signal:NetC518_1, Orig_Signal:NetC518_1, NotProbed,R,RES,,0,0,Fail
R551:,    Pin:2, Signal:NetC515_2, Orig_Signal:NetC515_2, NotProbed,R,RES,,0,0,Fail
R551:,    Pin:1, Signal:NetC520_1, Orig_Signal:NetC520_1, Probed,R,RES,50.0,100, BOTTOM,Fail
R552:,    Pin:1, Signal:GND, Orig_Signal:GND, Probed,R,RES,,100, BOTTOM,Fail
R552:,    Pin:2, Signal:NetC515_2, Orig_Signal:NetC515_2, NotProbed,R,RES,50.0,0,0,Fail
R553:,    Pin:1, Signal:GND, Orig_Signal:GND, Probed,R,RES,,100, BOTTOM,Fail
R553:,    Pin:2, Signal:NetC518_2, Orig_Signal:NetC518_2, NotProbed,R,RES,50.0,0,0,Fail
R601:,    Pin:2, Signal:NetC603_2, Orig_Signal:NetC603_2, NotProbed,R,RES,,0,0,Fail
R601:,    Pin:1, Signal:NetD601_A, Orig_Signal:NetD601_A, Probed,R,RES,50.0,100, BOTTOM,Fail
R602:,    Pin:1, Signal:NetC603_2, Orig_Signal:NetC603_2, NotProbed,R,RES,,0,0,Fail
R602:,    Pin:2, Signal:P12V, Orig_Signal:+12V, Probed,R,RES,50.0,100, BOTTOM,Fail
R603:,    Pin:2, Signal:GND, Orig_Signal:GND, Probed,R,RES,,100, BOTTOM,Fail
R603:,    Pin:1, Signal:NetC603_1, Orig_Signal:NetC603_1, Probed,R,RES,100.0,100, BOTTOM,Pass
TP101:,    Pin:1, Signal:NetP101_35, Orig_Signal:NetP101_35, Probed,TP,TEST POINT,100.0,100, BOTTOM,Pass
TP102:,    Pin:1, Signal:NetP101_5, Orig_Signal:NetP101_5, Probed,TP,TEST POINT,100.0,100, BOTTOM,Pass
TP103:,    Pin:1, Signal:NetP101_9, Orig_Signal:NetP101_9, Probed,TP,TEST POINT,100.0,100, BOTTOM,Pass
TP104:,    Pin:1, Signal:NetP101_10, Orig_Signal:NetP101_10, Probed,TP,TEST POINT,100.0,100, BOTTOM,Pass
TP105:,    Pin:1, Signal:NetP101_11, Orig_Signal:NetP101_11, Probed,TP,TEST POINT,100.0,100, BOTTOM,Pass
TP106:,    Pin:1, Signal:NetP101_12, Orig_Signal:NetP101_12, Probed,TP,TEST POINT,100.0,100, BOTTOM,Pass
TP107:,    Pin:1, Signal:NetP101_21, Orig_Signal:NetP101_21, Probed,TP,TEST POINT,100.0,100, BOTTOM,Pass
TP108:,    Pin:1, Signal:NetP101_22, Orig_Signal:NetP101_22, Probed,TP,TEST POINT,100.0,100, BOTTOM,Pass
TP109:,    Pin:1, Signal:NetP101_25, Orig_Signal:NetP101_25, Probed,TP,TEST POINT,100.0,100, BOTTOM,Pass
TP110:,    Pin:1, Signal:NetP101_26, Orig_Signal:NetP101_26, Probed,TP,TEST POINT,100.0,100, BOTTOM,Pass
TP111:,    Pin:1, Signal:NetP101_14, Orig_Signal:NetP101_14, Probed,TP,TEST POINT,100.0,100, BOTTOM,Pass
TP112:,    Pin:1, Signal:NetP101_28, Orig_Signal:NetP101_28, Probed,TP,TEST POINT,100.0,100, BOTTOM,Pass
TP113:,    Pin:1, Signal:NetP101_23, Orig_Signal:NetP101_23, Probed,TP,TEST POINT,100.0,100, BOTTOM,Pass
TP114:,    Pin:1, Signal:NetP101_18, Orig_Signal:NetP101_18, Probed,TP,TEST POINT,100.0,100, BOTTOM,Pass
TP115:,    Pin:1, Signal:N12V_A, Orig_Signal:-12V_A, Probed,TP,TEST POINT,100.0,100, TOP,Pass
TP116:,    Pin:1, Signal:NetFB101_1, Orig_Signal:NetFB101_1, Probed,TP,TEST POINT,100.0,100, BOTTOM,Pass
TP201:,    Pin:1, Signal:L1_1, Orig_Signal:L1-1, Probed,TP,TEST POINT,100.0,100, BOTTOM,Pass
TP202:,    Pin:1, Signal:L2_N_1, Orig_Signal:L2/N-1, Probed,TP,TEST POINT,100.0,100, BOTTOM,Pass
TP203:,    Pin:1, Signal:NetD204_3, Orig_Signal:NetD204_3, NotProbed,TP,TEST POINT,,0,0,Fail
TP204:,    Pin:1, Signal:NetD203_AN, Orig_Signal:NetD203_AN, NotProbed,TP,TEST POINT,,0,0,Fail
TP205:,    Pin:1, Signal:L1_4, Orig_Signal:L1-4, NotProbed,TP,TEST POINT,,0,0,Fail
TP206:,    Pin:1, Signal:NetD203_CAT, Orig_Signal:NetD203_CAT, NotProbed,TP,TEST POINT,,0,0,Fail
TP207:,    Pin:1, Signal:PROX_SNS, Orig_Signal:PROX_SNS, Probed,TP,TEST POINT,100.0,100, BOTTOM,Pass
TP208:,    Pin:1, Signal:L2_N_3, Orig_Signal:L2/N-3, NotProbed,TP,TEST POINT,,0,0,Fail
TP209:,    Pin:1, Signal:GND, Orig_Signal:GND, Probed,TP,TEST POINT,100.0,100, BOTTOM,Pass
TP210:,    Pin:1, Signal:GND, Orig_Signal:GND, Probed,TP,TEST POINT,100.0,100, BOTTOM,Pass
TP211:,    Pin:1, Signal:NetF201_1, Orig_Signal:NetF201_1, NotProbed,TP,TEST POINT,,0,0,Fail
TP212:,    Pin:1, Signal:NetC201_1, Orig_Signal:NetC201_1, Probed,TP,TEST POINT,100.0,75, BOTTOM,Pass
TP213:,    Pin:1, Signal:NetTP213_1, Orig_Signal:NetTP213_1, Probed,TP,TEST POINT,100.0,75, BOTTOM,Pass
TP214:,    Pin:1, Signal:CP, Orig_Signal:CP, Probed,TP,TEST POINT,100.0,100, BOTTOM,Pass
TP215:,    Pin:1, Signal:NetR203_2, Orig_Signal:NetR203_2, Probed,TP,TEST POINT,100.0,75, BOTTOM,Pass
TP216:,    Pin:1, Signal:NetTP216_1, Orig_Signal:NetTP216_1, Probed,TP,TEST POINT,100.0,75, BOTTOM,Pass
TP217:,    Pin:1, Signal:CANL, Orig_Signal:CANL, Probed,TP,TEST POINT,100.0,100, BOTTOM,Pass
TP218:,    Pin:1, Signal:CANH, Orig_Signal:CANH, Probed,TP,TEST POINT,100.0,100, BOTTOM,Pass
TP219:,    Pin:1, Signal:GND, Orig_Signal:GND, Probed,TP,TEST POINT,100.0,100, BOTTOM,Pass
TP220:,    Pin:1, Signal:RS485A, Orig_Signal:RS485A, Probed,TP,TEST POINT,100.0,100, BOTTOM,Pass
TP221:,    Pin:1, Signal:RS485B, Orig_Signal:RS485B, Probed,TP,TEST POINT,100.0,100, BOTTOM,Pass
TP222:,    Pin:1, Signal:NetR202_1, Orig_Signal:NetR202_1, Probed,TP,TEST POINT,100.0,75, BOTTOM,Pass
TP223:,    Pin:1, Signal:NetTP223_1, Orig_Signal:NetTP223_1, Probed,TP,TEST POINT,100.0,75, BOTTOM,Pass
TP224:,    Pin:1, Signal:NetR203_1, Orig_Signal:NetR203_1, Probed,TP,TEST POINT,100.0,50, TOP,Pass
TP225:,    Pin:1, Signal:NetR201_1, Orig_Signal:NetR201_1, Probed,TP,TEST POINT,100.0,50, TOP,Pass
TP226:,    Pin:1, Signal:NetD201_K, Orig_Signal:NetD201_K, NotProbed,TP,TEST POINT,,0,0,Fail
TP228:,    Pin:1, Signal:L1_3, Orig_Signal:L1-3, Probed,TP,TEST POINT,100.0,100, BOTTOM,Pass
TP301:,    Pin:1, Signal:NetC301_1, Orig_Signal:NetC301_1, NotProbed,TP,TEST POINT,,0,0,Fail
TP302:,    Pin:1, Signal:NetC303_2, Orig_Signal:NetC303_2, NotProbed,TP,TEST POINT,,0,0,Fail
TP303:,    Pin:1, Signal:NetJ301_2, Orig_Signal:NetJ301_2, Probed,TP,TEST POINT,100.0,50, TOP,Pass
TP304:,    Pin:1, Signal:NetJ301_3, Orig_Signal:NetJ301_3, Probed,TP,TEST POINT,100.0,100, TOP,Pass
TP305:,    Pin:1, Signal:NetJ301_4, Orig_Signal:NetJ301_4, Probed,TP,TEST POINT,100.0,75, TOP,Pass
TP306:,    Pin:1, Signal:3_3V, Orig_Signal:3.3V, Probed,TP,TEST POINT,100.0,100, TOP,Pass
TP307:,    Pin:1, Signal:NetC307_1, Orig_Signal:NetC307_1, NotProbed,TP,TEST POINT,,0,0,Fail
TP308:,    Pin:1, Signal:NetJ302_5, Orig_Signal:NetJ302_5, Probed,TP,TEST POINT,100.0,100, BOTTOM,Pass
TP309:,    Pin:1, Signal:NetJ302_4, Orig_Signal:NetJ302_4, Probed,TP,TEST POINT,100.0,100, BOTTOM,Pass
TP310:,    Pin:1, Signal:NetC309_1, Orig_Signal:NetC309_1, NotProbed,TP,TEST POINT,,0,0,Fail
TP311:,    Pin:1, Signal:NetLD301_AN, Orig_Signal:NetLD301_AN, Probed,TP,TEST POINT,100.0,100, BOTTOM,Pass
TP312:,    Pin:1, Signal:NetLD302_AN, Orig_Signal:NetLD302_AN, Probed,TP,TEST POINT,100.0,100, BOTTOM,Pass
TP313:,    Pin:1, Signal:NRST, Orig_Signal:NRST, Probed,TP,TEST POINT,100.0,100, TOP,Pass
TP314:,    Pin:1, Signal:SWDIO, Orig_Signal:SWDIO, NotProbed,TP,TEST POINT,,0,0,Fail
TP315:,    Pin:1, Signal:SWCLK, Orig_Signal:SWCLK, NotProbed,TP,TEST POINT,,0,0,Fail
TP316:,    Pin:1, Signal:LED1, Orig_Signal:LED1, NotProbed,TP,TEST POINT,,0,0,Fail
TP317:,    Pin:1, Signal:NetLD301_CAT, Orig_Signal:NetLD301_CAT, Probed,TP,TEST POINT,100.0,100, BOTTOM,Pass
TP318:,    Pin:1, Signal:NetQ302_G, Orig_Signal:NetQ302_G, NotProbed,TP,TEST POINT,,0,0,Fail
TP319:,    Pin:1, Signal:WDI, Orig_Signal:WDI, NotProbed,TP,TEST POINT,,0,0,Fail
TP320:,    Pin:1, Signal:NetLD302_CAT, Orig_Signal:NetLD302_CAT, Probed,TP,TEST POINT,100.0,100, BOTTOM,Pass
TP321:,    Pin:1, Signal:LED2, Orig_Signal:LED2, NotProbed,TP,TEST POINT,,0,0,Fail
TP322:,    Pin:1, Signal:NetQ301_G, Orig_Signal:NetQ301_G, NotProbed,TP,TEST POINT,,0,0,Fail
TP323:,    Pin:1, Signal:DEBUG_TX, Orig_Signal:DEBUG_TX, Probed,TP,TEST POINT,100.0,100, TOP,Pass
TP324:,    Pin:1, Signal:DEBUG_RX, Orig_Signal:DEBUG_RX, Probed,TP,TEST POINT,100.0,50, TOP,Pass
TP325:,    Pin:1, Signal:NetR316_1, Orig_Signal:NetR316_1, Probed,TP,TEST POINT,100.0,100, BOTTOM,Pass
TP326:,    Pin:1, Signal:HALO_BYPASS, Orig_Signal:HALO_BYPASS, Probed,TP,TEST POINT,100.0,100, BOTTOM,Pass
TP327:,    Pin:1, Signal:STM_TX_TMS_RX, Orig_Signal:STM_TX-TMS_RX, Probed,TP,TEST POINT,100.0,100, BOTTOM,Pass
TP328:,    Pin:1, Signal:NetR317_2, Orig_Signal:NetR317_2, Probed,TP,TEST POINT,100.0,50, BOTTOM,Pass
TP329:,    Pin:1, Signal:STM_RX_TMS_TX, Orig_Signal:STM_RX-TMS_TX, Probed,TP,TEST POINT,100.0,100, BOTTOM,Pass
TP330:,    Pin:1, Signal:NetR318_2, Orig_Signal:NetR318_2, Probed,TP,TEST POINT,100.0,50, BOTTOM,Pass
TP401:,    Pin:1, Signal:NetQ401_G, Orig_Signal:NetQ401_G, Probed,TP,TEST POINT,100.0,75, BOTTOM,Pass
TP402:,    Pin:1, Signal:NetQ402_D, Orig_Signal:NetQ402_D, Probed,TP,TEST POINT,100.0,100, TOP,Pass
TP403:,    Pin:1, Signal:RELAY_CTRL_2, Orig_Signal:RELAY_CTRL_2, NotProbed,TP,TEST POINT,,0,0,Fail
TP404:,    Pin:1, Signal:NetQ402_G, Orig_Signal:NetQ402_G, Probed,TP,TEST POINT,100.0,100, BOTTOM,Pass
TP405:,    Pin:1, Signal:NetD401_CAT, Orig_Signal:NetD401_CAT, NotProbed,TP,TEST POINT,,0,0,Fail
TP406:,    Pin:1, Signal:NetC403_2, Orig_Signal:NetC403_2, NotProbed,TP,TEST POINT,,0,0,Fail
TP419:,    Pin:1, Signal:L1_2, Orig_Signal:L1-2, Probed,TP,TEST POINT,100.0,100, BOTTOM,Pass
TP420:,    Pin:1, Signal:L2_N_2, Orig_Signal:L2/N-2, NotProbed,TP,TEST POINT,,0,0,Fail
TP421:,    Pin:1, Signal:NetC403_1, Orig_Signal:NetC403_1, NotProbed,TP,TEST POINT,,0,0,Fail
TP422:,    Pin:1, Signal:NetD410_K, Orig_Signal:NetD410_K, NotProbed,TP,TEST POINT,,0,0,Fail
TP423:,    Pin:1, Signal:NetQ403_G, Orig_Signal:NetQ403_G, Probed,TP,TEST POINT,100.0,100, BOTTOM,Pass
TP424:,    Pin:1, Signal:RELAY_CTRL_1, Orig_Signal:RELAY_CTRL_1, Probed,TP,TEST POINT,100.0,100, TOP,Pass
TP501:,    Pin:1, Signal:NetC501_2, Orig_Signal:NetC501_2, NotProbed,TP,TEST POINT,,0,0,Fail
TP502:,    Pin:1, Signal:NetFB501_2, Orig_Signal:NetFB501_2, Probed,TP,TEST POINT,100.0,50, BOTTOM,Pass
TP503:,    Pin:1, Signal:NetR502_2, Orig_Signal:NetR502_2, Probed,TP,TEST POINT,100.0,50, BOTTOM,Pass
TP504:,    Pin:1, Signal:NetR502_1, Orig_Signal:NetR502_1, Probed,TP,TEST POINT,100.0,100, TOP,Pass
TP505:,    Pin:1, Signal:NetR503_1, Orig_Signal:NetR503_1, Probed,TP,TEST POINT,100.0,75, BOTTOM,Pass
TP506:,    Pin:1, Signal:NetR504_1, Orig_Signal:NetR504_1, Probed,TP,TEST POINT,100.0,75, BOTTOM,Pass
TP507:,    Pin:1, Signal:NetC502_2, Orig_Signal:NetC502_2, NotProbed,TP,TEST POINT,,0,0,Fail
TP508:,    Pin:1, Signal:NetC502_1, Orig_Signal:NetC502_1, NotProbed,TP,TEST POINT,,0,0,Fail
TP509:,    Pin:1, Signal:NetFB501_1, Orig_Signal:NetFB501_1, Probed,TP,TEST POINT,100.0,75, BOTTOM,Pass
TP510:,    Pin:1, Signal:NetC503_1, Orig_Signal:NetC503_1, NotProbed,TP,TEST POINT,,0,0,Fail
TP511:,    Pin:1, Signal:NetFB502_1, Orig_Signal:NetFB502_1, Probed,TP,TEST POINT,100.0,50, BOTTOM,Pass
TP512:,    Pin:1, Signal:NetC503_2, Orig_Signal:NetC503_2, NotProbed,TP,TEST POINT,,0,0,Fail
TP513:,    Pin:1, Signal:NetFB502_2, Orig_Signal:NetFB502_2, Probed,TP,TEST POINT,100.0,75, BOTTOM,Pass
TP514:,    Pin:1, Signal:NetC504_2, Orig_Signal:NetC504_2, NotProbed,TP,TEST POINT,,0,0,Fail
TP515:,    Pin:1, Signal:NetR517_2, Orig_Signal:NetR517_2, NotProbed,TP,TEST POINT,,0,0,Fail
TP516:,    Pin:1, Signal:NetR517_1, Orig_Signal:NetR517_1, NotProbed,TP,TEST POINT,,0,0,Fail
TP517:,    Pin:1, Signal:NetR518_2, Orig_Signal:NetR518_2, NotProbed,TP,TEST POINT,,0,0,Fail
TP518:,    Pin:1, Signal:VOLT_MEAS, Orig_Signal:VOLT_MEAS, Probed,TP,TEST POINT,100.0,100, BOTTOM,Pass
TP519:,    Pin:1, Signal:NetQ501_D, Orig_Signal:NetQ501_D, Probed,TP,TEST POINT,100.0,100, TOP,Pass
TP520:,    Pin:1, Signal:NetD504_K, Orig_Signal:NetD504_K, NotProbed,TP,TEST POINT,,0,0,Fail
TP521:,    Pin:1, Signal:NetD507_K, Orig_Signal:NetD507_K, NotProbed,TP,TEST POINT,,0,0,Fail
TP522:,    Pin:1, Signal:NetD506_K, Orig_Signal:NetD506_K, NotProbed,TP,TEST POINT,,0,0,Fail
TP523:,    Pin:1, Signal:NetC506_2, Orig_Signal:NetC506_2, NotProbed,TP,TEST POINT,,0,0,Fail
TP524:,    Pin:1, Signal:L1_CS, Orig_Signal:L1_CS, Probed,TP,TEST POINT,100.0,100, BOTTOM,Pass
TP525:,    Pin:1, Signal:NetC518_1, Orig_Signal:NetC518_1, NotProbed,TP,TEST POINT,,0,0,Fail
TP526:,    Pin:1, Signal:NetQ502_D, Orig_Signal:NetQ502_D, Probed,TP,TEST POINT,100.0,100, TOP,Pass
TP527:,    Pin:1, Signal:5V, Orig_Signal:5V, Probed,TP,TEST POINT,100.0,100, BOTTOM,Pass
TP528:,    Pin:1, Signal:NetQ503_D, Orig_Signal:NetQ503_D, Probed,TP,TEST POINT,100.0,100, TOP,Pass
TP529:,    Pin:1, Signal:NetD508_K, Orig_Signal:NetD508_K, NotProbed,TP,TEST POINT,,0,0,Fail
TP530:,    Pin:1, Signal:NetD511_K, Orig_Signal:NetD511_K, Probed,TP,TEST POINT,100.0,75, BOTTOM,Pass
TP531:,    Pin:1, Signal:NetQ503_G, Orig_Signal:NetQ503_G, Probed,TP,TEST POINT,100.0,100, BOTTOM,Pass
TP532:,    Pin:1, Signal:ID1, Orig_Signal:ID1, Probed,TP,TEST POINT,100.0,100, BOTTOM,Pass
TP533:,    Pin:1, Signal:ID2, Orig_Signal:ID2, Probed,TP,TEST POINT,100.0,100, BOTTOM,Pass
TP534:,    Pin:1, Signal:TEMP1, Orig_Signal:TEMP1, Probed,TP,TEST POINT,100.0,100, BOTTOM,Pass
TP535:,    Pin:1, Signal:NetD510_K, Orig_Signal:NetD510_K, NotProbed,TP,TEST POINT,,0,0,Fail
TP536:,    Pin:1, Signal:NetC511_2, Orig_Signal:NetC511_2, NotProbed,TP,TEST POINT,,0,0,Fail
TP537:,    Pin:1, Signal:NetQ504_D, Orig_Signal:NetQ504_D, Probed,TP,TEST POINT,100.0,100, TOP,Pass
TP538:,    Pin:1, Signal:NetQ504_G, Orig_Signal:NetQ504_G, Probed,TP,TEST POINT,100.0,100, BOTTOM,Pass
TP539:,    Pin:1, Signal:NetC518_2, Orig_Signal:NetC518_2, NotProbed,TP,TEST POINT,,0,0,Fail
TP540:,    Pin:1, Signal:NetC520_1, Orig_Signal:NetC520_1, Probed,TP,TEST POINT,100.0,100, BOTTOM,Pass
TP541:,    Pin:1, Signal:NetC515_2, Orig_Signal:NetC515_2, NotProbed,TP,TEST POINT,,0,0,Fail
TP601:,    Pin:1, Signal:NetD601_A, Orig_Signal:NetD601_A, Probed,TP,TEST POINT,100.0,100, BOTTOM,Pass
TP602:,    Pin:1, Signal:NetC603_2, Orig_Signal:NetC603_2, NotProbed,TP,TEST POINT,,0,0,Fail
TP604:,    Pin:1, Signal:NetC602_2, Orig_Signal:NetC602_2, Probed,TP,TEST POINT,100.0,100, BOTTOM,Pass
TP605:,    Pin:1, Signal:NetC601_2, Orig_Signal:NetC601_2, Probed,TP,TEST POINT,100.0,100, BOTTOM,Pass
TP606:,    Pin:1, Signal:P12V, Orig_Signal:+12V, Probed,TP,TEST POINT,100.0,100, BOTTOM,Pass
TP607:,    Pin:1, Signal:P12V, Orig_Signal:+12V, Probed,TP,TEST POINT,100.0,100, BOTTOM,Pass
TP608:,    Pin:1, Signal:NetD601_K, Orig_Signal:NetD601_K, NotProbed,TP,TEST POINT,,0,0,Fail
TP609:,    Pin:1, Signal:NetC603_1, Orig_Signal:NetC603_1, Probed,TP,TEST POINT,100.0,100, BOTTOM,Pass
TP611:,    Pin:1, Signal:NetC608_1, Orig_Signal:NetC608_1, Probed,TP,TEST POINT,100.0,100, BOTTOM,Pass
TP612:,    Pin:1, Signal:NetC602_1, Orig_Signal:NetC602_1, Probed,TP,TEST POINT,100.0,100, BOTTOM,Pass
TP613:,    Pin:1, Signal:12V_A, Orig_Signal:12V_A, NotProbed,TP,TEST POINT,,0,0,Fail
TP614:,    Pin:1, Signal:5V, Orig_Signal:5V, Probed,TP,TEST POINT,100.0,100, BOTTOM,Pass
TP615:,    Pin:1, Signal:1_8V, Orig_Signal:1.8V, Probed,TP,TEST POINT,100.0,100, TOP,Pass
TP616:,    Pin:1, Signal:N12V_A, Orig_Signal:-12V_A, Probed,TP,TEST POINT,100.0,100, TOP,Pass
U201:,    Pin:11, Signal:L2_N_2, Orig_Signal:L2/N-2, NotProbed,U,IC,,0,0,Fail
U201:,    Pin:4, Signal:NetR203_2, Orig_Signal:NetR203_2, Probed,U,IC,,75, BOTTOM,Fail
U201:,    Pin:3, Signal:NetTP213_1, Orig_Signal:NetTP213_1, Probed,U,IC,,75, BOTTOM,Fail
U201:,    Pin:6, Signal:NetR202_1, Orig_Signal:NetR202_1, Probed,U,IC,,75, BOTTOM,Fail
U201:,    Pin:15, Signal:L1_3, Orig_Signal:L1-3, Probed,U,IC,,100, BOTTOM,Fail
U201:,    Pin:2, Signal:UNCONNECTED_2, Orig_Signal:UNCONNECTED_2, NotProbed,U,IC,,0,0,Fail
U201:,    Pin:7, Signal:GND, Orig_Signal:GND, Probed,U,IC,,100, BOTTOM,Fail
U201:,    Pin:8, Signal:NetC201_1, Orig_Signal:NetC201_1, Probed,U,IC,,75, BOTTOM,Fail
U201:,    Pin:9, Signal:NetTP223_1, Orig_Signal:NetTP223_1, Probed,U,IC,,75, BOTTOM,Fail
U201:,    Pin:10, Signal:UNCONNECTED_3, Orig_Signal:UNCONNECTED_3, Probed,U,IC,,75, BOTTOM,Fail
U201:,    Pin:1, Signal:UNCONNECTED_1, Orig_Signal:UNCONNECTED_1, NotProbed,U,IC,,0,0,Fail
U201:,    Pin:5, Signal:NetTP216_1, Orig_Signal:NetTP216_1, Probed,U,IC,,75, BOTTOM,Fail
U201:,    Pin:12, Signal:L2_N_3, Orig_Signal:L2/N-3, NotProbed,U,IC,,0,0,Fail
U201:,    Pin:14, Signal:L2_N_3, Orig_Signal:L2/N-3, NotProbed,U,IC,,0,0,Fail
U201:,    Pin:17, Signal:L1_3, Orig_Signal:L1-3, Probed,U,IC,,100, BOTTOM,Fail
U201:,    Pin:13, Signal:L2_N_2, Orig_Signal:L2/N-2, NotProbed,U,IC,,0,0,Fail
U201:,    Pin:18, Signal:L1_4, Orig_Signal:L1-4, NotProbed,U,IC,,0,0,Fail
U201:,    Pin:16, Signal:L1_4, Orig_Signal:L1-4, NotProbed,U,IC,55.55555555555556,0,0,Pass
U202:,    Pin:1, Signal:NetD203_AN, Orig_Signal:NetD203_AN, NotProbed,U,IC,,0,0,Fail
U202:,    Pin:2, Signal:GND, Orig_Signal:GND, Probed,U,IC,,100, BOTTOM,Fail
U202:,    Pin:3, Signal:NetD204_3, Orig_Signal:NetD204_3, NotProbed,U,IC,,0,0,Fail
U202:,    Pin:4, Signal:NetD203_AN, Orig_Signal:NetD203_AN, NotProbed,U,IC,,0,0,Fail
U202:,    Pin:5, Signal:3_3V, Orig_Signal:3.3V, Probed,U,IC,40.0,100, TOP,Fail
U301:,    Pin:1, Signal:NetC301_1, Orig_Signal:NetC301_1, NotProbed,U,IC,,0,0,Fail
U301:,    Pin:2, Signal:GND, Orig_Signal:GND, Probed,U,IC,,100, BOTTOM,Fail
U301:,    Pin:3, Signal:NetC301_1, Orig_Signal:NetC301_1, NotProbed,U,IC,,0,0,Fail
U301:,    Pin:4, Signal:UNCONNECTED_76, Orig_Signal:UNCONNECTED_76, NotProbed,U,IC,,0,0,Fail
U301:,    Pin:5, Signal:NetC303_2, Orig_Signal:NetC303_2, NotProbed,U,IC,20.0,0,0,Fail
U302:,    Pin:1, Signal:NRST, Orig_Signal:NRST, Probed,U,IC,,100, TOP,Fail
U302:,    Pin:4, Signal:WDI, Orig_Signal:WDI, NotProbed,U,IC,,0,0,Fail
U302:,    Pin:2, Signal:GND, Orig_Signal:GND, Probed,U,IC,,100, BOTTOM,Fail
U302:,    Pin:5, Signal:NetC307_1, Orig_Signal:NetC307_1, NotProbed,U,IC,,0,0,Fail
U302:,    Pin:3, Signal:UNCONNECTED_75, Orig_Signal:UNCONNECTED_75, NotProbed,U,IC,40.0,0,0,Fail
U303:,    Pin:61, Signal:NetQ502_D, Orig_Signal:NetQ502_D, Probed,U,IC,,100, TOP,Fail
U303:,    Pin:47, Signal:UNCONNECTED_63, Orig_Signal:UNCONNECTED_63, NotProbed,U,IC,,0,0,Fail
U303:,    Pin:43, Signal:UNCONNECTED_61, Orig_Signal:UNCONNECTED_61, NotProbed,U,IC,,0,0,Fail
U303:,    Pin:42, Signal:UNCONNECTED_60, Orig_Signal:UNCONNECTED_60, NotProbed,U,IC,,0,0,Fail
U303:,    Pin:41, Signal:UNCONNECTED_59, Orig_Signal:UNCONNECTED_59, NotProbed,U,IC,,0,0,Fail
U303:,    Pin:40, Signal:UNCONNECTED_58, Orig_Signal:UNCONNECTED_58, NotProbed,U,IC,,0,0,Fail
U303:,    Pin:39, Signal:UNCONNECTED_57, Orig_Signal:UNCONNECTED_57, NotProbed,U,IC,,0,0,Fail
U303:,    Pin:38, Signal:UNCONNECTED_56, Orig_Signal:UNCONNECTED_56, NotProbed,U,IC,,0,0,Fail
U303:,    Pin:37, Signal:UNCONNECTED_55, Orig_Signal:UNCONNECTED_55, NotProbed,U,IC,,0,0,Fail
U303:,    Pin:36, Signal:NetR201_1, Orig_Signal:NetR201_1, Probed,U,IC,,50, TOP,Fail
U303:,    Pin:35, Signal:UNCONNECTED_54, Orig_Signal:UNCONNECTED_54, NotProbed,U,IC,,0,0,Fail
U303:,    Pin:34, Signal:NetR203_1, Orig_Signal:NetR203_1, Probed,U,IC,,50, TOP,Fail
U303:,    Pin:33, Signal:UNCONNECTED_53, Orig_Signal:UNCONNECTED_53, NotProbed,U,IC,,0,0,Fail
U303:,    Pin:32, Signal:UNCONNECTED_52, Orig_Signal:UNCONNECTED_52, NotProbed,U,IC,,0,0,Fail
U303:,    Pin:31, Signal:UNCONNECTED_51, Orig_Signal:UNCONNECTED_51, NotProbed,U,IC,,0,0,Fail
U303:,    Pin:30, Signal:RELAY_CTRL_1, Orig_Signal:RELAY_CTRL_1, Probed,U,IC,,100, TOP,Fail
U303:,    Pin:29, Signal:UNCONNECTED_50, Orig_Signal:UNCONNECTED_50, NotProbed,U,IC,,0,0,Fail
U303:,    Pin:44, Signal:UNCONNECTED_62, Orig_Signal:UNCONNECTED_62, NotProbed,U,IC,,0,0,Fail
U303:,    Pin:28, Signal:RELAY_CTRL_2, Orig_Signal:RELAY_CTRL_2, NotProbed,U,IC,,0,0,Fail
U303:,    Pin:45, Signal:SWDIO, Orig_Signal:SWDIO, NotProbed,U,IC,,0,0,Fail
U303:,    Pin:48, Signal:UNCONNECTED_64, Orig_Signal:UNCONNECTED_64, NotProbed,U,IC,,0,0,Fail
U303:,    Pin:64, Signal:UNCONNECTED_73, Orig_Signal:UNCONNECTED_73, NotProbed,U,IC,,0,0,Fail
U303:,    Pin:63, Signal:NetQ501_D, Orig_Signal:NetQ501_D, Probed,U,IC,,100, TOP,Fail
U303:,    Pin:62, Signal:UNCONNECTED_72, Orig_Signal:UNCONNECTED_72, NotProbed,U,IC,,0,0,Fail
U303:,    Pin:60, Signal:UNCONNECTED_71, Orig_Signal:UNCONNECTED_71, NotProbed,U,IC,,0,0,Fail
U303:,    Pin:59, Signal:NetQ503_D, Orig_Signal:NetQ503_D, Probed,U,IC,,100, TOP,Fail
U303:,    Pin:58, Signal:UNCONNECTED_70, Orig_Signal:UNCONNECTED_70, NotProbed,U,IC,,0,0,Fail
U303:,    Pin:57, Signal:NetQ504_D, Orig_Signal:NetQ504_D, Probed,U,IC,,100, TOP,Fail
U303:,    Pin:56, Signal:UNCONNECTED_69, Orig_Signal:UNCONNECTED_69, NotProbed,U,IC,,0,0,Fail
U303:,    Pin:55, Signal:NetR316_1, Orig_Signal:NetR316_1, Probed,U,IC,,100, BOTTOM,Fail
U303:,    Pin:54, Signal:UNCONNECTED_68, Orig_Signal:UNCONNECTED_68, NotProbed,U,IC,,0,0,Fail
U303:,    Pin:53, Signal:UNCONNECTED_67, Orig_Signal:UNCONNECTED_67, NotProbed,U,IC,,0,0,Fail
U303:,    Pin:52, Signal:UNCONNECTED_66, Orig_Signal:UNCONNECTED_66, NotProbed,U,IC,,0,0,Fail
U303:,    Pin:51, Signal:UNCONNECTED_65, Orig_Signal:UNCONNECTED_65, NotProbed,U,IC,,0,0,Fail
U303:,    Pin:50, Signal:LED2, Orig_Signal:LED2, NotProbed,U,IC,,0,0,Fail
U303:,    Pin:49, Signal:LED1, Orig_Signal:LED1, NotProbed,U,IC,,0,0,Fail
U303:,    Pin:46, Signal:SWCLK, Orig_Signal:SWCLK, NotProbed,U,IC,,0,0,Fail
U303:,    Pin:26, Signal:NetR318_2, Orig_Signal:NetR318_2, Probed,U,IC,,50, BOTTOM,Fail
U303:,    Pin:27, Signal:UNCONNECTED_49, Orig_Signal:UNCONNECTED_49, NotProbed,U,IC,,0,0,Fail
U303:,    Pin:24, Signal:UNCONNECTED_48, Orig_Signal:UNCONNECTED_48, NotProbed,U,IC,,0,0,Fail
U303:,    Pin:1, Signal:UNCONNECTED_37, Orig_Signal:UNCONNECTED_37, NotProbed,U,IC,,0,0,Fail
U303:,    Pin:2, Signal:UNCONNECTED_38, Orig_Signal:UNCONNECTED_38, NotProbed,U,IC,,0,0,Fail
U303:,    Pin:3, Signal:UNCONNECTED_39, Orig_Signal:UNCONNECTED_39, NotProbed,U,IC,,0,0,Fail
U303:,    Pin:4, Signal:UNCONNECTED_40, Orig_Signal:UNCONNECTED_40, NotProbed,U,IC,,0,0,Fail
U303:,    Pin:25, Signal:NetR317_2, Orig_Signal:NetR317_2, Probed,U,IC,,50, BOTTOM,Fail
U303:,    Pin:6, Signal:3_3V, Orig_Signal:3.3V, Probed,U,IC,,100, TOP,Fail
U303:,    Pin:7, Signal:NetC309_1, Orig_Signal:NetC309_1, NotProbed,U,IC,,0,0,Fail
U303:,    Pin:8, Signal:3_3V, Orig_Signal:3.3V, Probed,U,IC,,100, TOP,Fail
U303:,    Pin:9, Signal:GND, Orig_Signal:GND, Probed,U,IC,,100, BOTTOM,Fail
U303:,    Pin:10, Signal:NetC310_1, Orig_Signal:NetC310_1, NotProbed,U,IC,,0,0,Fail
U303:,    Pin:11, Signal:NetR325_2, Orig_Signal:NetR325_2, NotProbed,U,IC,,0,0,Fail
U303:,    Pin:12, Signal:NRST, Orig_Signal:NRST, Probed,U,IC,,100, TOP,Fail
U303:,    Pin:5, Signal:UNCONNECTED_41, Orig_Signal:UNCONNECTED_41, NotProbed,U,IC,,0,0,Fail
U303:,    Pin:14, Signal:UNCONNECTED_43, Orig_Signal:UNCONNECTED_43, NotProbed,U,IC,,0,0,Fail
U303:,    Pin:15, Signal:WDI, Orig_Signal:WDI, NotProbed,U,IC,,0,0,Fail
U303:,    Pin:16, Signal:UNCONNECTED_44, Orig_Signal:UNCONNECTED_44, NotProbed,U,IC,,0,0,Fail
U303:,    Pin:17, Signal:VOLT_MEAS, Orig_Signal:VOLT_MEAS, Probed,U,IC,,100, BOTTOM,Fail
U303:,    Pin:18, Signal:VOLT_MEAS, Orig_Signal:VOLT_MEAS, Probed,U,IC,,100, BOTTOM,Fail
U303:,    Pin:19, Signal:DEBUG_TX, Orig_Signal:DEBUG_TX, Probed,U,IC,,100, TOP,Fail
U303:,    Pin:20, Signal:DEBUG_RX, Orig_Signal:DEBUG_RX, Probed,U,IC,,50, TOP,Fail
U303:,    Pin:21, Signal:UNCONNECTED_45, Orig_Signal:UNCONNECTED_45, NotProbed,U,IC,,0,0,Fail
U303:,    Pin:22, Signal:UNCONNECTED_46, Orig_Signal:UNCONNECTED_46, NotProbed,U,IC,,0,0,Fail
U303:,    Pin:23, Signal:UNCONNECTED_47, Orig_Signal:UNCONNECTED_47, NotProbed,U,IC,,0,0,Fail
U303:,    Pin:13, Signal:UNCONNECTED_42, Orig_Signal:UNCONNECTED_42, NotProbed,U,IC,28.125,0,0,Fail
U401:,    Pin:3, Signal:GND, Orig_Signal:GND, Probed,U,IC,,100, BOTTOM,Fail
U401:,    Pin:2, Signal:NetC404_1, Orig_Signal:NetC404_1, NotProbed,U,IC,,0,0,Fail
U401:,    Pin:1, Signal:NetC401_1, Orig_Signal:NetC401_1, NotProbed,U,IC,33.33333333333333,0,0,Fail
U501:,    Pin:7, Signal:NetR504_1, Orig_Signal:NetR504_1, Probed,U,IC,,75, BOTTOM,Fail
U501:,    Pin:6, Signal:NetR504_1, Orig_Signal:NetR504_1, Probed,U,IC,,75, BOTTOM,Fail
U501:,    Pin:5, Signal:1_8V, Orig_Signal:1.8V, Probed,U,IC,,100, TOP,Fail
U501:,    Pin:4, Signal:N12V_A, Orig_Signal:-12V_A, Probed,U,IC,,100, TOP,Fail
U501:,    Pin:3, Signal:NetC501_2, Orig_Signal:NetC501_2, NotProbed,U,IC,,0,0,Fail
U501:,    Pin:2, Signal:NetR502_2, Orig_Signal:NetR502_2, Probed,U,IC,,50, BOTTOM,Fail
U501:,    Pin:1, Signal:NetR502_2, Orig_Signal:NetR502_2, Probed,U,IC,,50, BOTTOM,Fail
U501:,    Pin:8, Signal:12V_A, Orig_Signal:12V_A, NotProbed,U,IC,75.0,0,0,Pass
U502:,    Pin:2, Signal:NetR517_1, Orig_Signal:NetR517_1, NotProbed,U,IC,,0,0,Fail
U502:,    Pin:5, Signal:NetC504_2, Orig_Signal:NetC504_2, NotProbed,U,IC,,0,0,Fail
U502:,    Pin:8, Signal:12V_A, Orig_Signal:12V_A, NotProbed,U,IC,,0,0,Fail
U502:,    Pin:4, Signal:N12V_A, Orig_Signal:-12V_A, Probed,U,IC,,100, TOP,Fail
U502:,    Pin:3, Signal:NetR502_1, Orig_Signal:NetR502_1, Probed,U,IC,,100, TOP,Fail
U502:,    Pin:1, Signal:VOLT_MEAS, Orig_Signal:VOLT_MEAS, Probed,U,IC,,100, BOTTOM,Fail
U502:,    Pin:7, Signal:NetR517_2, Orig_Signal:NetR517_2, NotProbed,U,IC,,0,0,Fail
U502:,    Pin:6, Signal:NetR517_2, Orig_Signal:NetR517_2, NotProbed,U,IC,37.5,0,0,Fail
U503:,    Pin:4, Signal:L1_3, Orig_Signal:L1-3, Probed,U,IC,,100, BOTTOM,Fail
U503:,    Pin:3, Signal:NetC520_1, Orig_Signal:NetC520_1, Probed,U,IC,,100, BOTTOM,Fail
U503:,    Pin:2, Signal:GND, Orig_Signal:GND, Probed,U,IC,,100, BOTTOM,Fail
U503:,    Pin:1, Signal:5V, Orig_Signal:5V, Probed,U,IC,,100, BOTTOM,Fail
U503:,    Pin:5, Signal:L1_2, Orig_Signal:L1-2, Probed,U,IC,100.0,100, BOTTOM,Pass
U504:,    Pin:3, Signal:GND, Orig_Signal:GND, Probed,U,IC,,100, BOTTOM,Fail
U504:,    Pin:2, Signal:TEMP1, Orig_Signal:TEMP1, Probed,U,IC,,100, BOTTOM,Fail
U504:,    Pin:1, Signal:5V, Orig_Signal:5V, Probed,U,IC,100.0,100, BOTTOM,Pass
U505:,    Pin:5, Signal:UNCONNECTED_32, Orig_Signal:UNCONNECTED_32, NotProbed,U,IC,,0,0,Fail
U505:,    Pin:4, Signal:GND, Orig_Signal:GND, Probed,U,IC,,100, BOTTOM,Fail
U505:,    Pin:8, Signal:UNCONNECTED_33, Orig_Signal:UNCONNECTED_33, NotProbed,U,IC,,0,0,Fail
U505:,    Pin:1, Signal:UNCONNECTED_31, Orig_Signal:UNCONNECTED_31, NotProbed,U,IC,,0,0,Fail
U505:,    Pin:2, Signal:NetC518_2, Orig_Signal:NetC518_2, NotProbed,U,IC,,0,0,Fail
U505:,    Pin:7, Signal:3_3V, Orig_Signal:3.3V, Probed,U,IC,,100, TOP,Fail
U505:,    Pin:6, Signal:NetC518_1, Orig_Signal:NetC518_1, NotProbed,U,IC,,0,0,Fail
U505:,    Pin:3, Signal:NetC515_2, Orig_Signal:NetC515_2, NotProbed,U,IC,25.0,0,0,Fail
U601:,    Pin:1, Signal:NetC601_2, Orig_Signal:NetC601_2, Probed,U,IC,,100, BOTTOM,Fail
U601:,    Pin:2, Signal:NetC608_1, Orig_Signal:NetC608_1, Probed,U,IC,,100, BOTTOM,Fail
U601:,    Pin:3, Signal:NetD601_A, Orig_Signal:NetD601_A, Probed,U,IC,,100, BOTTOM,Fail
U601:,    Pin:4, Signal:NetC603_1, Orig_Signal:NetC603_1, Probed,U,IC,100.0,100, BOTTOM,Pass
U602:,    Pin:2, Signal:P12V, Orig_Signal:+12V, Probed,U,IC,,100, BOTTOM,Fail
U602:,    Pin:3, Signal:NetC603_1, Orig_Signal:NetC603_1, Probed,U,IC,,100, BOTTOM,Fail
U602:,    Pin:4, Signal:GND, Orig_Signal:GND, Probed,U,IC,,100, BOTTOM,Fail
U602:,    Pin:5, Signal:UNCONNECTED_34, Orig_Signal:UNCONNECTED_34, NotProbed,U,IC,,0,0,Fail
U602:,    Pin:1, Signal:NetC603_2, Orig_Signal:NetC603_2, NotProbed,U,IC,,0,0,Fail
U602:,    Pin:6, Signal:UNCONNECTED_35, Orig_Signal:UNCONNECTED_35, NotProbed,U,IC,50.0,0,0,Fail
U603:,    Pin:1, Signal:5V, Orig_Signal:5V, Probed,U,IC,,100, BOTTOM,Fail
U603:,    Pin:2, Signal:1_8V, Orig_Signal:1.8V, Probed,U,IC,,100, TOP,Fail
U603:,    Pin:3, Signal:GND, Orig_Signal:GND, Probed,U,IC,100.0,100, BOTTOM,Pass
VR601:,    Pin:1, Signal:L1_1, Orig_Signal:L1-1, Probed,VR,0,,100, BOTTOM,Fail
VR601:,    Pin:2, Signal:GND, Orig_Signal:GND, Probed,VR,0,100.0,100, BOTTOM,Pass
VR602:,    Pin:1, Signal:L1_1, Orig_Signal:L1-1, Probed,VR,0,,100, BOTTOM,Fail
VR602:,    Pin:2, Signal:L2_N_1, Orig_Signal:L2/N-1, Probed,VR,0,100.0,100, BOTTOM,Pass
VR603:,    Pin:1, Signal:GND, Orig_Signal:GND, Probed,VR,0,,100, BOTTOM,Fail
VR603:,    Pin:2, Signal:L2_N_1, Orig_Signal:L2/N-1, Probed,VR,0,100.0,100, BOTTOM,Pass
X301:,    Pin:2, Signal:NetC310_1, Orig_Signal:NetC310_1, NotProbed,X,0,,0,0,Fail
X301:,    Pin:1, Signal:NetC311_1, Orig_Signal:NetC311_1, NotProbed,X,0,,0,0,Fail
